document_number,fiscal_year,fiscal_period,company_code,company_name,profit_center,profit_center_description,customer_id,product_id,revenue,cost,currency,source_updated_at
DOC0000000001,2025,1,AR01,Compañía Modelo Argentina,PC300,Exportación,C000424,MAT00068,21763.26,15286.96,ARS,2025-01-01T00:01:00Z
DOC0000000002,2025,2,AR01,Compañía Modelo Argentina,PC200,Canal Mayorista,C000157,MAT00006,2020.99,1679.73,ARS,2025-01-02T00:02:00Z
DOC0000000003,2025,3,UY01,Compañía Modelo Uruguay,PC100,Consumo Masivo,C000323,MAT00001,41215.74,31769.45,UYU,2025-01-03T00:03:00Z
DOC0000000004,2025,4,AR01,Compañía Modelo Argentina,PC100,Consumo Masivo,C000100,MAT00119,16213.77,11914.59,ARS,2025-01-04T00:04:00Z
DOC0000000005,2025,5,UY01,Compañía Modelo Uruguay,PC100,Consumo Masivo,C000462,MAT00062,35481.71,21272.38,UYU,2025-01-05T00:05:00Z
DOC0000000006,2025,6,AR01,Compañía Modelo Argentina,PC100,Consumo Masivo,C000127,MAT00044,9277.26,6209.37,ARS,2025-01-06T00:06:00Z
DOC0000000007,2025,7,AR01,Compañía Modelo Argentina,PC200,Canal Mayorista,C000227,MAT00095,71996.70,52250.99,ARS,2025-01-07T00:07:00Z
DOC0000000008,2025,8,UY01,Compañía Modelo Uruguay,PC300,Exportación,C000376,MAT00003,5776.51,5065.96,UYU,2025-01-08T00:08:00Z
DOC0000000009,2025,9,AR01,Compañía Modelo Argentina,PC200,Canal Mayorista,C000448,MAT00030,46831.08,33398.96,ARS,2025-01-09T00:09:00Z
DOC0000000010,2025,10,AR01,Compañía Modelo Argentina,PC200,Canal Mayorista,C000248,MAT00115,39188.00,32280.39,ARS,2025-01-10T00:10:00Z
DOC0000000011,2025,11,AR01,Compañía Modelo Argentina,PC100,Consumo Masivo,C000284,MAT00112,17511.14,10398.01,ARS,2025-01-11T00:11:00Z
DOC0000000012,2025,12,UY01,Compañía Modelo Uruguay,PC200,Canal Mayorista,C000340,MAT00052,45160.52,39472.27,UYU,2025-01-12T00:12:00Z
DOC0000000013,2025,1,AR01,Compañía Modelo Argentina,PC200,Canal Mayorista,C000168,MAT00074,4860.53,3170.81,ARS,2025-01-13T00:13:00Z
DOC0000000014,2025,2,UY01,Compañía Modelo Uruguay,PC100,Consumo Masivo,C000332,MAT00082,31339.90,23209.99,UYU,2025-01-14T00:14:00Z
DOC0000000015,2025,3,AR01,Compañía Modelo Argentina,PC200,Canal Mayorista,C000330,MAT00093,21195.74,16189.58,ARS,2025-01-15T00:15:00Z
DOC0000000016,2025,4,UY01,Compañía Modelo Uruguay,PC100,Consumo Masivo,C000271,MAT00059,56969.17,39907.06,UYU,2025-01-16T00:16:00Z
DOC0000000017,2025,5,AR01,Compañía Modelo Argentina,PC100,Consumo Masivo,C000336,MAT00105,57931.53,49567.89,ARS,2025-01-17T00:17:00Z
DOC0000000018,2025,6,UY01,Compañía Modelo Uruguay,PC200,Canal Mayorista,C000178,MAT00021,57198.39,43048.75,UYU,2025-01-18T00:18:00Z
DOC0000000019,2025,7,UY01,Compañía Modelo Uruguay,PC100,Consumo Masivo,C000036,MAT00027,61342.72,37365.36,UYU,2025-01-19T00:19:00Z
DOC0000000020,2025,8,AR01,Compañía Modelo Argentina,PC300,Exportación,C000472,MAT00009,8650.63,6781.40,ARS,2025-01-20T00:20:00Z
DOC0000000021,2025,9,AR01,Compañía Modelo Argentina,PC200,Canal Mayorista,C000190,MAT00107,41025.54,34107.48,ARS,2025-01-21T00:21:00Z
DOC0000000022,2025,10,AR01,Compañía Modelo Argentina,PC200,Canal Mayorista,C000272,MAT00051,47987.96,30633.32,ARS,2025-01-22T00:22:00Z
DOC0000000023,2025,11,AR01,Compañía Modelo Argentina,PC200,Canal Mayorista,C000434,MAT00036,4674.67,3566.92,ARS,2025-01-23T00:23:00Z
DOC0000000024,2025,12,UY01,Compañía Modelo Uruguay,PC300,Exportación,C000183,MAT00117,15573.69,10538.82,UYU,2025-01-24T00:24:00Z
DOC0000000025,2025,1,UY01,Compañía Modelo Uruguay,PC200,Canal Mayorista,C000289,MAT00094,25750.58,17556.15,UYU,2025-01-25T00:25:00Z
DOC0000000026,2025,2,AR01,Compañía Modelo Argentina,PC200,Canal Mayorista,C000373,MAT00015,42437.33,31875.15,ARS,2025-01-26T00:26:00Z
DOC0000000027,2025,3,AR01,Compañía Modelo Argentina,PC100,Consumo Masivo,C000402,MAT00061,14358.50,10227.67,ARS,2025-01-27T00:27:00Z
DOC0000000028,2025,4,AR01,Compañía Modelo Argentina,PC100,Consumo Masivo,C000233,MAT00063,28327.34,21238.73,ARS,2025-01-28T00:28:00Z
DOC0000000029,2025,5,AR01,Compañía Modelo Argentina,PC200,Canal Mayorista,C000130,MAT00068,66460.47,57438.00,ARS,2025-01-29T00:29:00Z
DOC0000000030,2025,6,AR01,Compañía Modelo Argentina,PC100,Consumo Masivo,C000413,MAT00078,67476.48,49450.83,ARS,2025-01-30T00:30:00Z
DOC0000000031,2025,7,AR01,Compañía Modelo Argentina,PC100,Consumo Masivo,C000247,MAT00009,51266.20,30525.31,ARS,2025-01-31T00:31:00Z
DOC0000000032,2025,8,UY01,Compañía Modelo Uruguay,PC100,Consumo Masivo,C000476,MAT00064,55360.09,48117.56,UYU,2025-02-01T00:32:00Z
DOC0000000033,2025,9,UY01,Compañía Modelo Uruguay,PC300,Exportación,C000240,MAT00104,63134.64,49783.58,UYU,2025-02-02T00:33:00Z
DOC0000000034,2025,10,AR01,Compañía Modelo Argentina,PC100,Consumo Masivo,C000364,MAT00063,72518.72,58482.66,ARS,2025-02-03T00:34:00Z
DOC0000000035,2025,11,AR01,Compañía Modelo Argentina,PC300,Exportación,C000307,MAT00081,33953.04,29380.62,ARS,2025-02-04T00:35:00Z
DOC0000000036,2025,12,AR01,Compañía Modelo Argentina,PC100,Consumo Masivo,C000020,MAT00097,42835.66,31010.94,ARS,2025-02-05T00:36:00Z
DOC0000000037,2025,1,UY01,Compañía Modelo Uruguay,PC100,Consumo Masivo,C000296,MAT00063,63337.80,51508.91,UYU,2025-02-06T00:37:00Z
DOC0000000038,2025,2,UY01,Compañía Modelo Uruguay,PC300,Exportación,C000111,MAT00051,16833.95,11029.45,UYU,2025-02-07T00:38:00Z
DOC0000000039,2025,3,AR01,Compañía Modelo Argentina,PC100,Consumo Masivo,C000359,MAT00057,29438.72,23427.77,ARS,2025-02-08T00:39:00Z
DOC0000000040,2025,4,AR01,Compañía Modelo Argentina,PC300,Exportación,C000156,MAT00045,29349.75,23800.94,ARS,2025-02-09T00:40:00Z
DOC0000000041,2025,5,AR01,Compañía Modelo Argentina,PC300,Exportación,C000208,MAT00079,74144.39,61020.28,ARS,2025-02-10T00:41:00Z
DOC0000000042,2025,6,AR01,Compañía Modelo Argentina,PC300,Exportación,C000125,MAT00117,53811.19,40072.52,ARS,2025-02-11T00:42:00Z
DOC0000000043,2025,7,AR01,Compañía Modelo Argentina,PC100,Consumo Masivo,C000420,MAT00021,38612.74,30359.12,ARS,2025-02-12T00:43:00Z
DOC0000000044,2025,8,UY01,Compañía Modelo Uruguay,PC100,Consumo Masivo,C000404,MAT00052,17055.54,14708.10,UYU,2025-02-13T00:44:00Z
DOC0000000045,2025,9,UY01,Compañía Modelo Uruguay,PC200,Canal Mayorista,C000240,MAT00017,70817.74,62119.98,UYU,2025-02-14T00:45:00Z
DOC0000000046,2025,10,AR01,Compañía Modelo Argentina,PC100,Consumo Masivo,C000271,MAT00070,55956.77,43492.87,ARS,2025-02-15T00:46:00Z
DOC0000000047,2025,11,UY01,Compañía Modelo Uruguay,PC300,Exportación,C000429,MAT00079,6780.96,4159.03,UYU,2025-02-16T00:47:00Z
DOC0000000048,2025,12,AR01,Compañía Modelo Argentina,PC200,Canal Mayorista,C000014,MAT00053,26695.74,20493.78,ARS,2025-02-17T00:48:00Z
DOC0000000049,2025,1,UY01,Compañía Modelo Uruguay,PC100,Consumo Masivo,C000179,MAT00051,70814.77,59598.63,UYU,2025-02-18T00:49:00Z
DOC0000000050,2025,2,AR01,Compañía Modelo Argentina,PC200,Canal Mayorista,C000234,MAT00059,1946.48,1135.28,ARS,2025-02-19T00:50:00Z
DOC0000000051,2025,3,UY01,Compañía Modelo Uruguay,PC200,Canal Mayorista,C000214,MAT00077,27125.66,21694.82,UYU,2025-02-20T00:51:00Z
DOC0000000052,2025,4,UY01,Compañía Modelo Uruguay,PC300,Exportación,C000274,MAT00023,25050.16,20169.99,UYU,2025-02-21T00:52:00Z
DOC0000000053,2025,5,UY01,Compañía Modelo Uruguay,PC200,Canal Mayorista,C000468,MAT00105,38042.85,24056.37,UYU,2025-02-22T00:53:00Z
DOC0000000054,2025,6,AR01,Compañía Modelo Argentina,PC200,Canal Mayorista,C000232,MAT00102,70762.55,43545.27,ARS,2025-02-23T00:54:00Z
DOC0000000055,2025,7,AR01,Compañía Modelo Argentina,PC100,Consumo Masivo,C000212,MAT00111,47188.22,30870.48,ARS,2025-02-24T00:55:00Z
DOC0000000056,2025,8,UY01,Compañía Modelo Uruguay,PC200,Canal Mayorista,C000110,MAT00059,68046.82,48562.15,UYU,2025-02-25T00:56:00Z
DOC0000000057,2025,9,UY01,Compañía Modelo Uruguay,PC300,Exportación,C000316,MAT00093,52274.68,38496.16,UYU,2025-02-26T00:57:00Z
DOC0000000058,2025,10,UY01,Compañía Modelo Uruguay,PC100,Consumo Masivo,C000135,MAT00051,65833.11,51932.33,UYU,2025-02-27T00:58:00Z
DOC0000000059,2025,11,AR01,Compañía Modelo Argentina,PC300,Exportación,C000482,MAT00052,74738.39,63942.53,ARS,2025-02-28T00:59:00Z
DOC0000000060,2025,12,UY01,Compañía Modelo Uruguay,PC300,Exportación,C000290,MAT00039,36447.56,23069.91,UYU,2025-03-01T01:00:00Z
DOC0000000061,2025,1,AR01,Compañía Modelo Argentina,PC100,Consumo Masivo,C000135,MAT00054,22052.91,16490.77,ARS,2025-03-02T01:01:00Z
DOC0000000062,2025,2,UY01,Compañía Modelo Uruguay,PC300,Exportación,C000189,MAT00105,12863.49,8987.77,UYU,2025-03-03T01:02:00Z
DOC0000000063,2025,3,AR01,Compañía Modelo Argentina,PC200,Canal Mayorista,C000384,MAT00102,36448.67,21649.06,ARS,2025-03-04T01:03:00Z
DOC0000000064,2025,4,AR01,Compañía Modelo Argentina,PC100,Consumo Masivo,C000261,MAT00048,68947.42,60392.27,ARS,2025-03-05T01:04:00Z
DOC0000000065,2025,5,UY01,Compañía Modelo Uruguay,PC100,Consumo Masivo,C000163,MAT00039,33477.74,25311.76,UYU,2025-03-06T01:05:00Z
DOC0000000066,2025,6,UY01,Compañía Modelo Uruguay,PC100,Consumo Masivo,C000439,MAT00113,15258.33,12976.34,UYU,2025-03-07T01:06:00Z
DOC0000000067,2025,7,AR01,Compañía Modelo Argentina,PC100,Consumo Masivo,C000002,MAT00084,13009.81,9454.58,ARS,2025-03-08T01:07:00Z
DOC0000000068,2025,8,UY01,Compañía Modelo Uruguay,PC200,Canal Mayorista,C000017,MAT00113,20925.08,12314.74,UYU,2025-03-09T01:08:00Z
DOC0000000069,2025,9,AR01,Compañía Modelo Argentina,PC100,Consumo Masivo,C000063,MAT00106,22683.23,18893.80,ARS,2025-03-10T01:09:00Z
DOC0000000070,2025,10,UY01,Compañía Modelo Uruguay,PC200,Canal Mayorista,C000153,MAT00011,39058.47,31026.32,UYU,2025-03-11T01:10:00Z
DOC0000000071,2025,11,AR01,Compañía Modelo Argentina,PC200,Canal Mayorista,C000420,MAT00015,7032.84,4181.15,ARS,2025-03-12T01:11:00Z
DOC0000000072,2025,12,UY01,Compañía Modelo Uruguay,PC300,Exportación,C000075,MAT00082,51515.94,45137.74,UYU,2025-03-13T01:12:00Z
DOC0000000073,2025,1,UY01,Compañía Modelo Uruguay,PC200,Canal Mayorista,C000375,MAT00048,41870.71,29773.85,UYU,2025-03-14T01:13:00Z
DOC0000000074,2025,2,AR01,Compañía Modelo Argentina,PC100,Consumo Masivo,C000015,MAT00089,63713.41,45937.40,ARS,2025-03-15T01:14:00Z
DOC0000000075,2025,3,UY01,Compañía Modelo Uruguay,PC100,Consumo Masivo,C000392,MAT00070,47339.50,31702.93,UYU,2025-03-16T01:15:00Z
DOC0000000076,2025,4,UY01,Compañía Modelo Uruguay,PC300,Exportación,C000414,MAT00115,45517.55,36075.97,UYU,2025-03-17T01:16:00Z
DOC0000000077,2025,5,AR01,Compañía Modelo Argentina,PC300,Exportación,C000144,MAT00083,59311.27,50061.95,ARS,2025-03-18T01:17:00Z
DOC0000000078,2025,6,AR01,Compañía Modelo Argentina,PC300,Exportación,C000397,MAT00003,4065.11,3000.65,ARS,2025-03-19T01:18:00Z
DOC0000000079,2025,7,AR01,Compañía Modelo Argentina,PC200,Canal Mayorista,C000321,MAT00110,8858.99,7788.98,ARS,2025-03-20T01:19:00Z
DOC0000000080,2025,8,AR01,Compañía Modelo Argentina,PC200,Canal Mayorista,C000493,MAT00059,31741.14,26414.68,ARS,2025-03-21T01:20:00Z
DOC0000000081,2025,9,UY01,Compañía Modelo Uruguay,PC200,Canal Mayorista,C000025,MAT00048,16222.40,13256.34,UYU,2025-03-22T01:21:00Z
DOC0000000082,2025,10,UY01,Compañía Modelo Uruguay,PC200,Canal Mayorista,C000361,MAT00103,10235.82,8158.97,UYU,2025-03-23T01:22:00Z
DOC0000000083,2025,11,UY01,Compañía Modelo Uruguay,PC300,Exportación,C000229,MAT00016,17426.53,14096.90,UYU,2025-03-24T01:23:00Z
DOC0000000084,2025,12,AR01,Compañía Modelo Argentina,PC200,Canal Mayorista,C000163,MAT00047,68271.29,54425.54,ARS,2025-03-25T01:24:00Z
DOC0000000085,2025,1,UY01,Compañía Modelo Uruguay,PC200,Canal Mayorista,C000087,MAT00053,35604.49,23010.04,UYU,2025-03-26T01:25:00Z
DOC0000000086,2025,2,AR01,Compañía Modelo Argentina,PC100,Consumo Masivo,C000147,MAT00035,10285.27,6583.66,ARS,2025-03-27T01:26:00Z
DOC0000000087,2025,3,UY01,Compañía Modelo Uruguay,PC300,Exportación,C000072,MAT00082,42314.97,28130.64,UYU,2025-03-28T01:27:00Z
DOC0000000088,2025,4,AR01,Compañía Modelo Argentina,PC200,Canal Mayorista,C000047,MAT00063,52514.28,33818.82,ARS,2025-03-29T01:28:00Z
DOC0000000089,2025,5,UY01,Compañía Modelo Uruguay,PC100,Consumo Masivo,C000371,MAT00082,29167.45,17551.06,UYU,2025-03-30T01:29:00Z
DOC0000000090,2025,6,AR01,Compañía Modelo Argentina,PC100,Consumo Masivo,C000049,MAT00066,21271.55,16143.55,ARS,2025-03-31T01:30:00Z
DOC0000000091,2025,7,AR01,Compañía Modelo Argentina,PC200,Canal Mayorista,C000081,MAT00107,32428.52,19356.83,ARS,2025-04-01T01:31:00Z
DOC0000000092,2025,8,UY01,Compañía Modelo Uruguay,PC300,Exportación,C000123,MAT00119,24611.75,21643.94,UYU,2025-04-02T01:32:00Z
DOC0000000093,2025,9,AR01,Compañía Modelo Argentina,PC100,Consumo Masivo,C000337,MAT00021,66863.54,57037.65,ARS,2025-04-03T01:33:00Z
DOC0000000094,2025,10,UY01,Compañía Modelo Uruguay,PC100,Consumo Masivo,C000372,MAT00109,10127.76,7373.46,UYU,2025-04-04T01:34:00Z
DOC0000000095,2025,11,AR01,Compañía Modelo Argentina,PC200,Canal Mayorista,C000473,MAT00065,24131.53,19608.88,ARS,2025-04-05T01:35:00Z
DOC0000000096,2025,12,AR01,Compañía Modelo Argentina,PC100,Consumo Masivo,C000475,MAT00003,54967.33,32708.04,ARS,2025-04-06T01:36:00Z
DOC0000000097,2025,1,UY01,Compañía Modelo Uruguay,PC200,Canal Mayorista,C000103,MAT00021,32204.58,18776.95,UYU,2025-04-07T01:37:00Z
DOC0000000098,2025,2,UY01,Compañía Modelo Uruguay,PC300,Exportación,C000293,MAT00011,19954.16,11583.77,UYU,2025-04-08T01:38:00Z
DOC0000000099,2025,3,UY01,Compañía Modelo Uruguay,PC300,Exportación,C000013,MAT00116,29690.69,20335.60,UYU,2025-04-09T01:39:00Z
DOC0000000100,2025,4,AR01,Compañía Modelo Argentina,PC100,Consumo Masivo,C000047,MAT00064,72174.22,55880.54,ARS,2025-04-10T01:40:00Z
DOC0000000101,2025,5,AR01,Compañía Modelo Argentina,PC100,Consumo Masivo,C000013,MAT00107,46782.37,39066.00,ARS,2025-04-11T01:41:00Z
DOC0000000102,2025,6,UY01,Compañía Modelo Uruguay,PC100,Consumo Masivo,C000161,MAT00055,20745.22,12817.99,UYU,2025-04-12T01:42:00Z
DOC0000000103,2025,7,UY01,Compañía Modelo Uruguay,PC200,Canal Mayorista,C000436,MAT00056,3328.98,2498.70,UYU,2025-04-13T01:43:00Z
DOC0000000104,2025,8,AR01,Compañía Modelo Argentina,PC300,Exportación,C000256,MAT00043,74321.23,50264.54,ARS,2025-04-14T01:44:00Z
DOC0000000105,2025,9,AR01,Compañía Modelo Argentina,PC300,Exportación,C000067,MAT00086,66082.98,42673.73,ARS,2025-04-15T01:45:00Z
DOC0000000106,2025,10,AR01,Compañía Modelo Argentina,PC300,Exportación,C000001,MAT00117,17736.96,15316.00,ARS,2025-04-16T01:46:00Z
DOC0000000107,2025,11,AR01,Compañía Modelo Argentina,PC300,Exportación,C000145,MAT00084,36388.04,26255.65,ARS,2025-04-17T01:47:00Z
DOC0000000108,2025,12,AR01,Compañía Modelo Argentina,PC300,Exportación,C000340,MAT00115,11956.97,9399.85,ARS,2025-04-18T01:48:00Z
DOC0000000109,2025,1,AR01,Compañía Modelo Argentina,PC300,Exportación,C000086,MAT00096,34397.16,25594.08,ARS,2025-04-19T01:49:00Z
DOC0000000110,2025,2,AR01,Compañía Modelo Argentina,PC100,Consumo Masivo,C000023,MAT00016,26272.55,22946.25,ARS,2025-04-20T01:50:00Z
DOC0000000111,2025,3,UY01,Compañía Modelo Uruguay,PC200,Canal Mayorista,C000366,MAT00089,17212.30,14508.21,UYU,2025-04-21T01:51:00Z
DOC0000000112,2025,4,UY01,Compañía Modelo Uruguay,PC200,Canal Mayorista,C000129,MAT00033,22164.54,16279.76,UYU,2025-04-22T01:52:00Z
DOC0000000113,2025,5,AR01,Compañía Modelo Argentina,PC300,Exportación,C000003,MAT00070,45306.05,31689.12,ARS,2025-04-23T01:53:00Z
DOC0000000114,2025,6,UY01,Compañía Modelo Uruguay,PC100,Consumo Masivo,C000408,MAT00015,37350.26,27186.65,UYU,2025-04-24T01:54:00Z
DOC0000000115,2025,7,UY01,Compañía Modelo Uruguay,PC100,Consumo Masivo,C000005,MAT00058,62030.41,37510.73,UYU,2025-04-25T01:55:00Z
DOC0000000116,2025,8,UY01,Compañía Modelo Uruguay,PC300,Exportación,C000035,MAT00073,51432.22,37149.56,UYU,2025-04-26T01:56:00Z
DOC0000000117,2025,9,UY01,Compañía Modelo Uruguay,PC300,Exportación,C000034,MAT00107,68738.75,60184.61,UYU,2025-04-27T01:57:00Z
DOC0000000118,2025,10,AR01,Compañía Modelo Argentina,PC300,Exportación,C000179,MAT00014,61573.83,45527.85,ARS,2025-04-28T01:58:00Z
DOC0000000119,2025,11,UY01,Compañía Modelo Uruguay,PC300,Exportación,C000440,MAT00032,1795.32,1221.10,UYU,2025-04-29T01:59:00Z
DOC0000000120,2025,12,UY01,Compañía Modelo Uruguay,PC100,Consumo Masivo,C000219,MAT00090,66478.45,57849.51,UYU,2025-04-30T02:00:00Z
DOC0000000121,2025,1,AR01,Compañía Modelo Argentina,PC100,Consumo Masivo,C000366,MAT00013,24098.10,16941.75,ARS,2025-05-01T02:01:00Z
DOC0000000122,2025,2,UY01,Compañía Modelo Uruguay,PC100,Consumo Masivo,C000306,MAT00111,1517.92,1289.25,UYU,2025-05-02T02:02:00Z
DOC0000000123,2025,3,UY01,Compañía Modelo Uruguay,PC100,Consumo Masivo,C000299,MAT00027,15590.13,10642.03,UYU,2025-05-03T02:03:00Z
DOC0000000124,2025,4,AR01,Compañía Modelo Argentina,PC300,Exportación,C000457,MAT00118,8197.09,5129.22,ARS,2025-05-04T02:04:00Z
DOC0000000125,2025,5,AR01,Compañía Modelo Argentina,PC100,Consumo Masivo,C000407,MAT00046,28181.22,19533.02,ARS,2025-05-05T02:05:00Z
DOC0000000126,2025,6,AR01,Compañía Modelo Argentina,PC300,Exportación,C000117,MAT00117,19656.08,12907.36,ARS,2025-05-06T02:06:00Z
DOC0000000127,2025,7,AR01,Compañía Modelo Argentina,PC200,Canal Mayorista,C000449,MAT00066,18751.77,12788.27,ARS,2025-05-07T02:07:00Z
DOC0000000128,2025,8,UY01,Compañía Modelo Uruguay,PC300,Exportación,C000393,MAT00063,38995.92,26669.03,UYU,2025-05-08T02:08:00Z
DOC0000000129,2025,9,AR01,Compañía Modelo Argentina,PC200,Canal Mayorista,C000105,MAT00028,9574.58,7516.50,ARS,2025-05-09T02:09:00Z
DOC0000000130,2025,10,UY01,Compañía Modelo Uruguay,PC200,Canal Mayorista,C000136,MAT00098,17112.29,14578.87,UYU,2025-05-10T02:10:00Z
DOC0000000131,2025,11,AR01,Compañía Modelo Argentina,PC100,Consumo Masivo,C000108,MAT00077,64344.42,54588.94,ARS,2025-05-11T02:11:00Z
DOC0000000132,2025,12,UY01,Compañía Modelo Uruguay,PC100,Consumo Masivo,C000306,MAT00019,19475.34,14415.14,UYU,2025-05-12T02:12:00Z
DOC0000000133,2025,1,AR01,Compañía Modelo Argentina,PC200,Canal Mayorista,C000032,MAT00028,20624.66,14474.98,ARS,2025-05-13T02:13:00Z
DOC0000000134,2025,2,UY01,Compañía Modelo Uruguay,PC200,Canal Mayorista,C000388,MAT00090,14472.78,12214.64,UYU,2025-05-14T02:14:00Z
DOC0000000135,2025,3,AR01,Compañía Modelo Argentina,PC100,Consumo Masivo,C000436,MAT00042,68453.98,57858.75,ARS,2025-05-15T02:15:00Z
DOC0000000136,2025,4,AR01,Compañía Modelo Argentina,PC100,Consumo Masivo,C000480,MAT00052,60523.73,42612.60,ARS,2025-05-16T02:16:00Z
DOC0000000137,2025,5,AR01,Compañía Modelo Argentina,PC300,Exportación,C000030,MAT00008,68550.37,42448.09,ARS,2025-05-17T02:17:00Z
DOC0000000138,2025,6,UY01,Compañía Modelo Uruguay,PC100,Consumo Masivo,C000444,MAT00055,42391.28,36782.76,UYU,2025-05-18T02:18:00Z
DOC0000000139,2025,7,UY01,Compañía Modelo Uruguay,PC100,Consumo Masivo,C000270,MAT00106,28029.48,21559.83,UYU,2025-05-19T02:19:00Z
DOC0000000140,2025,8,AR01,Compañía Modelo Argentina,PC100,Consumo Masivo,C000332,MAT00050,72109.66,52854.64,ARS,2025-05-20T02:20:00Z
DOC0000000141,2025,9,AR01,Compañía Modelo Argentina,PC300,Exportación,C000385,MAT00100,28170.55,18418.30,ARS,2025-05-21T02:21:00Z
DOC0000000142,2025,10,AR01,Compañía Modelo Argentina,PC100,Consumo Masivo,C000166,MAT00091,64063.40,55121.42,ARS,2025-05-22T02:22:00Z
DOC0000000143,2025,11,AR01,Compañía Modelo Argentina,PC300,Exportación,C000352,MAT00039,61091.66,50573.63,ARS,2025-05-23T02:23:00Z
DOC0000000144,2025,12,AR01,Compañía Modelo Argentina,PC200,Canal Mayorista,C000244,MAT00040,49528.87,29850.25,ARS,2025-05-24T02:24:00Z
DOC0000000145,2025,1,AR01,Compañía Modelo Argentina,PC100,Consumo Masivo,C000137,MAT00075,18326.75,15902.78,ARS,2025-05-25T02:25:00Z
DOC0000000146,2025,2,AR01,Compañía Modelo Argentina,PC200,Canal Mayorista,C000155,MAT00051,67174.37,52009.73,ARS,2025-05-26T02:26:00Z
DOC0000000147,2025,3,AR01,Compañía Modelo Argentina,PC200,Canal Mayorista,C000337,MAT00003,14462.95,9892.08,ARS,2025-05-27T02:27:00Z
DOC0000000148,2025,4,UY01,Compañía Modelo Uruguay,PC200,Canal Mayorista,C000160,MAT00020,62093.11,54462.23,UYU,2025-05-28T02:28:00Z
DOC0000000149,2025,5,UY01,Compañía Modelo Uruguay,PC200,Canal Mayorista,C000173,MAT00042,41949.05,30480.40,UYU,2025-05-29T02:29:00Z
DOC0000000150,2025,6,AR01,Compañía Modelo Argentina,PC200,Canal Mayorista,C000431,MAT00011,11266.65,7066.92,ARS,2025-05-30T02:30:00Z
DOC0000000151,2025,7,UY01,Compañía Modelo Uruguay,PC100,Consumo Masivo,C000297,MAT00024,1349.81,1080.66,UYU,2025-05-31T02:31:00Z
DOC0000000152,2025,8,UY01,Compañía Modelo Uruguay,PC200,Canal Mayorista,C000322,MAT00007,13709.91,10362.87,UYU,2025-06-01T02:32:00Z
DOC0000000153,2025,9,AR01,Compañía Modelo Argentina,PC200,Canal Mayorista,C000362,MAT00031,46255.76,39047.41,ARS,2025-06-02T02:33:00Z
DOC0000000154,2025,10,UY01,Compañía Modelo Uruguay,PC100,Consumo Masivo,C000156,MAT00088,63357.56,52169.11,UYU,2025-06-03T02:34:00Z
DOC0000000155,2025,11,AR01,Compañía Modelo Argentina,PC300,Exportación,C000496,MAT00051,67057.05,52119.39,ARS,2025-06-04T02:35:00Z
DOC0000000156,2025,12,AR01,Compañía Modelo Argentina,PC300,Exportación,C000216,MAT00002,15874.43,11962.39,ARS,2025-06-05T02:36:00Z
DOC0000000157,2025,1,AR01,Compañía Modelo Argentina,PC200,Canal Mayorista,C000189,MAT00062,63648.97,52862.21,ARS,2025-06-06T02:37:00Z
DOC0000000158,2025,2,UY01,Compañía Modelo Uruguay,PC100,Consumo Masivo,C000144,MAT00086,5403.84,4453.27,UYU,2025-06-07T02:38:00Z
DOC0000000159,2025,3,AR01,Compañía Modelo Argentina,PC300,Exportación,C000066,MAT00058,9146.45,5691.40,ARS,2025-06-08T02:39:00Z
DOC0000000160,2025,4,AR01,Compañía Modelo Argentina,PC200,Canal Mayorista,C000229,MAT00085,43463.70,26035.87,ARS,2025-06-09T02:40:00Z
DOC0000000161,2025,5,AR01,Compañía Modelo Argentina,PC100,Consumo Masivo,C000104,MAT00076,62934.06,51182.14,ARS,2025-06-10T02:41:00Z
DOC0000000162,2025,6,AR01,Compañía Modelo Argentina,PC200,Canal Mayorista,C000213,MAT00070,5684.91,3315.67,ARS,2025-06-11T02:42:00Z
DOC0000000163,2025,7,AR01,Compañía Modelo Argentina,PC100,Consumo Masivo,C000133,MAT00008,4066.71,2853.69,ARS,2025-06-12T02:43:00Z
DOC0000000164,2025,8,AR01,Compañía Modelo Argentina,PC100,Consumo Masivo,C000278,MAT00036,7554.98,4627.89,ARS,2025-06-13T02:44:00Z
DOC0000000165,2025,9,AR01,Compañía Modelo Argentina,PC100,Consumo Masivo,C000230,MAT00105,56943.63,45540.36,ARS,2025-06-14T02:45:00Z
DOC0000000166,2025,10,AR01,Compañía Modelo Argentina,PC100,Consumo Masivo,C000276,MAT00048,32728.18,20054.83,ARS,2025-06-15T02:46:00Z
DOC0000000167,2025,11,UY01,Compañía Modelo Uruguay,PC300,Exportación,C000339,MAT00047,33840.98,25163.32,UYU,2025-06-16T02:47:00Z
DOC0000000168,2025,12,AR01,Compañía Modelo Argentina,PC300,Exportación,C000253,MAT00021,15399.43,9742.07,ARS,2025-06-17T02:48:00Z
DOC0000000169,2025,1,UY01,Compañía Modelo Uruguay,PC300,Exportación,C000320,MAT00078,25172.49,17110.46,UYU,2025-06-18T02:49:00Z
DOC0000000170,2025,2,AR01,Compañía Modelo Argentina,PC100,Consumo Masivo,C000221,MAT00011,39671.36,29512.79,ARS,2025-06-19T02:50:00Z
DOC0000000171,2025,3,UY01,Compañía Modelo Uruguay,PC100,Consumo Masivo,C000228,MAT00074,70522.33,41244.00,UYU,2025-06-20T02:51:00Z
DOC0000000172,2025,4,AR01,Compañía Modelo Argentina,PC300,Exportación,C000119,MAT00073,48108.88,27905.61,ARS,2025-06-21T02:52:00Z
DOC0000000173,2025,5,AR01,Compañía Modelo Argentina,PC100,Consumo Masivo,C000363,MAT00030,41244.58,27220.59,ARS,2025-06-22T02:53:00Z
DOC0000000174,2025,6,AR01,Compañía Modelo Argentina,PC100,Consumo Masivo,C000340,MAT00015,15604.73,9970.22,ARS,2025-06-23T02:54:00Z
DOC0000000175,2025,7,AR01,Compañía Modelo Argentina,PC300,Exportación,C000044,MAT00060,53804.77,39047.77,ARS,2025-06-24T02:55:00Z
DOC0000000176,2025,8,AR01,Compañía Modelo Argentina,PC100,Consumo Masivo,C000292,MAT00009,23657.98,14747.10,ARS,2025-06-25T02:56:00Z
DOC0000000177,2025,9,AR01,Compañía Modelo Argentina,PC200,Canal Mayorista,C000174,MAT00089,40453.05,30401.50,ARS,2025-06-26T02:57:00Z
DOC0000000178,2025,10,AR01,Compañía Modelo Argentina,PC300,Exportación,C000485,MAT00102,55972.48,41884.43,ARS,2025-06-27T02:58:00Z
DOC0000000179,2025,11,AR01,Compañía Modelo Argentina,PC200,Canal Mayorista,C000245,MAT00105,51266.55,43962.97,ARS,2025-06-28T02:59:00Z
DOC0000000180,2025,12,UY01,Compañía Modelo Uruguay,PC200,Canal Mayorista,C000072,MAT00034,18385.49,14679.28,UYU,2025-06-29T03:00:00Z
DOC0000000181,2025,1,UY01,Compañía Modelo Uruguay,PC100,Consumo Masivo,C000249,MAT00020,58117.92,37579.99,UYU,2025-06-30T03:01:00Z
DOC0000000182,2025,2,AR01,Compañía Modelo Argentina,PC200,Canal Mayorista,C000247,MAT00061,47643.88,32453.06,ARS,2025-07-01T03:02:00Z
DOC0000000183,2025,3,UY01,Compañía Modelo Uruguay,PC200,Canal Mayorista,C000446,MAT00075,25922.34,21064.81,UYU,2025-07-02T03:03:00Z
DOC0000000184,2025,4,AR01,Compañía Modelo Argentina,PC200,Canal Mayorista,C000051,MAT00035,47240.65,34616.27,ARS,2025-07-03T03:04:00Z
DOC0000000185,2025,5,AR01,Compañía Modelo Argentina,PC300,Exportación,C000364,MAT00050,64415.69,50094.72,ARS,2025-07-04T03:05:00Z
DOC0000000186,2025,6,AR01,Compañía Modelo Argentina,PC300,Exportación,C000108,MAT00057,13248.00,10489.22,ARS,2025-07-05T03:06:00Z
DOC0000000187,2025,7,UY01,Compañía Modelo Uruguay,PC200,Canal Mayorista,C000485,MAT00045,18930.25,11530.05,UYU,2025-07-06T03:07:00Z
DOC0000000188,2025,8,UY01,Compañía Modelo Uruguay,PC200,Canal Mayorista,C000246,MAT00017,74101.35,46448.79,UYU,2025-07-07T03:08:00Z
DOC0000000189,2025,9,UY01,Compañía Modelo Uruguay,PC300,Exportación,C000362,MAT00078,47538.82,39483.67,UYU,2025-07-08T03:09:00Z
DOC0000000190,2025,10,AR01,Compañía Modelo Argentina,PC200,Canal Mayorista,C000188,MAT00014,11971.80,7529.32,ARS,2025-07-09T03:10:00Z
DOC0000000191,2025,11,UY01,Compañía Modelo Uruguay,PC100,Consumo Masivo,C000158,MAT00075,57308.32,33945.84,UYU,2025-07-10T03:11:00Z
DOC0000000192,2025,12,UY01,Compañía Modelo Uruguay,PC300,Exportación,C000076,MAT00103,33038.98,20052.66,UYU,2025-07-11T03:12:00Z
DOC0000000193,2025,1,AR01,Compañía Modelo Argentina,PC300,Exportación,C000014,MAT00089,15166.31,10968.55,ARS,2025-07-12T03:13:00Z
DOC0000000194,2025,2,UY01,Compañía Modelo Uruguay,PC200,Canal Mayorista,C000380,MAT00108,62332.51,52735.83,UYU,2025-07-13T03:14:00Z
DOC0000000195,2025,3,AR01,Compañía Modelo Argentina,PC200,Canal Mayorista,C000124,MAT00014,6402.53,4544.10,ARS,2025-07-14T03:15:00Z
DOC0000000196,2025,4,AR01,Compañía Modelo Argentina,PC300,Exportación,C000377,MAT00007,39435.73,23775.26,ARS,2025-07-15T03:16:00Z
DOC0000000197,2025,5,UY01,Compañía Modelo Uruguay,PC200,Canal Mayorista,C000134,MAT00105,56271.73,49225.61,UYU,2025-07-16T03:17:00Z
DOC0000000198,2025,6,AR01,Compañía Modelo Argentina,PC100,Consumo Masivo,C000461,MAT00015,48066.34,29244.82,ARS,2025-07-17T03:18:00Z
DOC0000000199,2025,7,UY01,Compañía Modelo Uruguay,PC100,Consumo Masivo,C000414,MAT00077,67902.51,54117.71,UYU,2025-07-18T03:19:00Z
DOC0000000200,2025,8,UY01,Compañía Modelo Uruguay,PC100,Consumo Masivo,C000067,MAT00026,69652.26,58168.08,UYU,2025-07-19T03:20:00Z
DOC0000000201,2025,9,UY01,Compañía Modelo Uruguay,PC200,Canal Mayorista,C000074,MAT00006,45089.66,38659.02,UYU,2025-07-20T03:21:00Z
DOC0000000202,2025,10,UY01,Compañía Modelo Uruguay,PC100,Consumo Masivo,C000332,MAT00012,17174.93,10066.91,UYU,2025-07-21T03:22:00Z
DOC0000000203,2025,11,AR01,Compañía Modelo Argentina,PC300,Exportación,C000261,MAT00032,40092.59,35270.35,ARS,2025-07-22T03:23:00Z
DOC0000000204,2025,12,AR01,Compañía Modelo Argentina,PC200,Canal Mayorista,C000168,MAT00065,28027.89,22460.35,ARS,2025-07-23T03:24:00Z
DOC0000000205,2025,1,AR01,Compañía Modelo Argentina,PC300,Exportación,C000480,MAT00105,28621.99,18671.68,ARS,2025-07-24T03:25:00Z
DOC0000000206,2025,2,AR01,Compañía Modelo Argentina,PC200,Canal Mayorista,C000034,MAT00087,9812.61,7394.92,ARS,2025-07-25T03:26:00Z
DOC0000000207,2025,3,UY01,Compañía Modelo Uruguay,PC300,Exportación,C000257,MAT00054,16426.69,11849.36,UYU,2025-07-26T03:27:00Z
DOC0000000208,2025,4,AR01,Compañía Modelo Argentina,PC200,Canal Mayorista,C000449,MAT00037,8625.74,5050.96,ARS,2025-07-27T03:28:00Z
DOC0000000209,2025,5,UY01,Compañía Modelo Uruguay,PC100,Consumo Masivo,C000427,MAT00100,2675.82,2341.75,UYU,2025-07-28T03:29:00Z
DOC0000000210,2025,6,AR01,Compañía Modelo Argentina,PC300,Exportación,C000096,MAT00017,38566.25,33720.84,ARS,2025-07-29T03:30:00Z
DOC0000000211,2025,7,UY01,Compañía Modelo Uruguay,PC200,Canal Mayorista,C000331,MAT00063,7361.80,4914.35,UYU,2025-07-30T03:31:00Z
DOC0000000212,2025,8,UY01,Compañía Modelo Uruguay,PC300,Exportación,C000240,MAT00105,67214.65,49129.77,UYU,2025-07-31T03:32:00Z
DOC0000000213,2025,9,AR01,Compañía Modelo Argentina,PC100,Consumo Masivo,C000392,MAT00078,54285.59,35766.20,ARS,2025-08-01T03:33:00Z
DOC0000000214,2025,10,AR01,Compañía Modelo Argentina,PC100,Consumo Masivo,C000071,MAT00026,16248.38,13156.66,ARS,2025-08-02T03:34:00Z
DOC0000000215,2025,11,UY01,Compañía Modelo Uruguay,PC100,Consumo Masivo,C000403,MAT00059,71539.75,47136.62,UYU,2025-08-03T03:35:00Z
DOC0000000216,2025,12,UY01,Compañía Modelo Uruguay,PC300,Exportación,C000176,MAT00058,40291.93,26491.54,UYU,2025-08-04T03:36:00Z
DOC0000000217,2025,1,AR01,Compañía Modelo Argentina,PC100,Consumo Masivo,C000475,MAT00111,32530.76,19049.52,ARS,2025-08-05T03:37:00Z
DOC0000000218,2025,2,UY01,Compañía Modelo Uruguay,PC200,Canal Mayorista,C000405,MAT00101,58727.59,42291.88,UYU,2025-08-06T03:38:00Z
DOC0000000219,2025,3,UY01,Compañía Modelo Uruguay,PC100,Consumo Masivo,C000417,MAT00043,34571.77,20314.49,UYU,2025-08-07T03:39:00Z
DOC0000000220,2025,4,AR01,Compañía Modelo Argentina,PC100,Consumo Masivo,C000209,MAT00013,73060.39,53760.09,ARS,2025-08-08T03:40:00Z
DOC0000000221,2025,5,AR01,Compañía Modelo Argentina,PC100,Consumo Masivo,C000013,MAT00017,24609.06,14832.91,ARS,2025-08-09T03:41:00Z
DOC0000000222,2025,6,AR01,Compañía Modelo Argentina,PC300,Exportación,C000277,MAT00031,44786.58,32392.67,ARS,2025-08-10T03:42:00Z
DOC0000000223,2025,7,UY01,Compañía Modelo Uruguay,PC100,Consumo Masivo,C000084,MAT00097,65317.84,51077.82,UYU,2025-08-11T03:43:00Z
DOC0000000224,2025,8,UY01,Compañía Modelo Uruguay,PC300,Exportación,C000029,MAT00084,66947.93,48151.22,UYU,2025-08-12T03:44:00Z
DOC0000000225,2025,9,AR01,Compañía Modelo Argentina,PC300,Exportación,C000221,MAT00088,12918.94,11274.75,ARS,2025-08-13T03:45:00Z
DOC0000000226,2025,10,AR01,Compañía Modelo Argentina,PC200,Canal Mayorista,C000344,MAT00018,51485.87,31871.73,ARS,2025-08-14T03:46:00Z
DOC0000000227,2025,11,UY01,Compañía Modelo Uruguay,PC300,Exportación,C000061,MAT00100,73852.24,49758.12,UYU,2025-08-15T03:47:00Z
DOC0000000228,2025,12,AR01,Compañía Modelo Argentina,PC300,Exportación,C000166,MAT00046,49643.30,41631.68,ARS,2025-08-16T03:48:00Z
DOC0000000229,2025,1,UY01,Compañía Modelo Uruguay,PC300,Exportación,C000347,MAT00031,38584.15,27238.03,UYU,2025-08-17T03:49:00Z
DOC0000000230,2025,2,UY01,Compañía Modelo Uruguay,PC300,Exportación,C000171,MAT00061,5184.38,3242.56,UYU,2025-08-18T03:50:00Z
DOC0000000231,2025,3,UY01,Compañía Modelo Uruguay,PC200,Canal Mayorista,C000253,MAT00055,14459.76,10331.08,UYU,2025-08-19T03:51:00Z
DOC0000000232,2025,4,UY01,Compañía Modelo Uruguay,PC200,Canal Mayorista,C000288,MAT00004,35968.38,24845.76,UYU,2025-08-20T03:52:00Z
DOC0000000233,2025,5,AR01,Compañía Modelo Argentina,PC300,Exportación,C000130,MAT00055,8429.55,5757.79,ARS,2025-08-21T03:53:00Z
DOC0000000234,2025,6,AR01,Compañía Modelo Argentina,PC300,Exportación,C000387,MAT00076,1013.02,863.52,ARS,2025-08-22T03:54:00Z
DOC0000000235,2025,7,UY01,Compañía Modelo Uruguay,PC300,Exportación,C000414,MAT00112,70650.20,43181.24,UYU,2025-08-23T03:55:00Z
DOC0000000236,2025,8,AR01,Compañía Modelo Argentina,PC300,Exportación,C000405,MAT00053,49448.32,33685.18,ARS,2025-08-24T03:56:00Z
DOC0000000237,2025,9,UY01,Compañía Modelo Uruguay,PC300,Exportación,C000081,MAT00082,70708.75,57948.91,UYU,2025-08-25T03:57:00Z
DOC0000000238,2025,10,AR01,Compañía Modelo Argentina,PC300,Exportación,C000073,MAT00077,32247.37,22462.08,ARS,2025-08-26T03:58:00Z
DOC0000000239,2025,11,AR01,Compañía Modelo Argentina,PC300,Exportación,C000453,MAT00031,33357.96,19356.44,ARS,2025-08-27T03:59:00Z
DOC0000000240,2025,12,UY01,Compañía Modelo Uruguay,PC200,Canal Mayorista,C000171,MAT00061,64819.02,41520.53,UYU,2025-08-28T04:00:00Z
DOC0000000241,2025,1,AR01,Compañía Modelo Argentina,PC100,Consumo Masivo,C000372,MAT00063,32209.86,25417.30,ARS,2025-08-29T04:01:00Z
DOC0000000242,2025,2,AR01,Compañía Modelo Argentina,PC200,Canal Mayorista,C000193,MAT00004,37283.78,28540.34,ARS,2025-08-30T04:02:00Z
DOC0000000243,2025,3,AR01,Compañía Modelo Argentina,PC200,Canal Mayorista,C000369,MAT00101,69047.45,40951.76,ARS,2025-08-31T04:03:00Z
DOC0000000244,2025,4,AR01,Compañía Modelo Argentina,PC200,Canal Mayorista,C000111,MAT00032,15922.29,11079.35,ARS,2025-09-01T04:04:00Z
DOC0000000245,2025,5,UY01,Compañía Modelo Uruguay,PC200,Canal Mayorista,C000273,MAT00062,26123.44,21259.67,UYU,2025-09-02T04:05:00Z
DOC0000000246,2025,6,UY01,Compañía Modelo Uruguay,PC300,Exportación,C000109,MAT00090,15985.35,11721.06,UYU,2025-09-03T04:06:00Z
DOC0000000247,2025,7,AR01,Compañía Modelo Argentina,PC300,Exportación,C000196,MAT00072,57825.99,37166.13,ARS,2025-09-04T04:07:00Z
DOC0000000248,2025,8,UY01,Compañía Modelo Uruguay,PC100,Consumo Masivo,C000204,MAT00085,21867.70,14045.55,UYU,2025-09-05T04:08:00Z
DOC0000000249,2025,9,AR01,Compañía Modelo Argentina,PC200,Canal Mayorista,C000031,MAT00029,50240.33,38591.75,ARS,2025-09-06T04:09:00Z
DOC0000000250,2025,10,UY01,Compañía Modelo Uruguay,PC200,Canal Mayorista,C000297,MAT00025,1853.25,1237.34,UYU,2025-09-07T04:10:00Z
DOC0000000251,2025,11,AR01,Compañía Modelo Argentina,PC100,Consumo Masivo,C000233,MAT00011,62220.00,48490.86,ARS,2025-09-08T04:11:00Z
DOC0000000252,2025,12,UY01,Compañía Modelo Uruguay,PC100,Consumo Masivo,C000491,MAT00106,15731.25,9894.22,UYU,2025-09-09T04:12:00Z
DOC0000000253,2025,1,AR01,Compañía Modelo Argentina,PC200,Canal Mayorista,C000035,MAT00116,44570.27,29138.69,ARS,2025-09-10T04:13:00Z
DOC0000000254,2025,2,AR01,Compañía Modelo Argentina,PC100,Consumo Masivo,C000266,MAT00120,50886.14,30222.39,ARS,2025-09-11T04:14:00Z
DOC0000000255,2025,3,UY01,Compañía Modelo Uruguay,PC100,Consumo Masivo,C000315,MAT00102,68111.93,59388.92,UYU,2025-09-12T04:15:00Z
DOC0000000256,2025,4,AR01,Compañía Modelo Argentina,PC300,Exportación,C000034,MAT00016,20420.56,16339.68,ARS,2025-09-13T04:16:00Z
DOC0000000257,2025,5,AR01,Compañía Modelo Argentina,PC100,Consumo Masivo,C000326,MAT00023,38244.45,26687.65,ARS,2025-09-14T04:17:00Z
DOC0000000258,2025,6,UY01,Compañía Modelo Uruguay,PC300,Exportación,C000359,MAT00052,56077.49,46353.78,UYU,2025-09-15T04:18:00Z
DOC0000000259,2025,7,UY01,Compañía Modelo Uruguay,PC200,Canal Mayorista,C000053,MAT00061,65965.76,46688.83,UYU,2025-09-16T04:19:00Z
DOC0000000260,2025,8,UY01,Compañía Modelo Uruguay,PC300,Exportación,C000250,MAT00003,73313.40,50099.92,UYU,2025-09-17T04:20:00Z
DOC0000000261,2025,9,AR01,Compañía Modelo Argentina,PC100,Consumo Masivo,C000138,MAT00090,52889.81,33192.06,ARS,2025-09-18T04:21:00Z
DOC0000000262,2025,10,AR01,Compañía Modelo Argentina,PC200,Canal Mayorista,C000037,MAT00074,24225.81,15684.35,ARS,2025-09-19T04:22:00Z
DOC0000000263,2025,11,UY01,Compañía Modelo Uruguay,PC100,Consumo Masivo,C000318,MAT00077,64327.45,42383.44,UYU,2025-09-20T04:23:00Z
DOC0000000264,2025,12,UY01,Compañía Modelo Uruguay,PC300,Exportación,C000059,MAT00088,58860.92,41850.29,UYU,2025-09-21T04:24:00Z
DOC0000000265,2025,1,AR01,Compañía Modelo Argentina,PC100,Consumo Masivo,C000137,MAT00006,26804.64,21147.69,ARS,2025-09-22T04:25:00Z
DOC0000000266,2025,2,UY01,Compañía Modelo Uruguay,PC200,Canal Mayorista,C000103,MAT00033,62434.16,52433.59,UYU,2025-09-23T04:26:00Z
DOC0000000267,2025,3,AR01,Compañía Modelo Argentina,PC100,Consumo Masivo,C000166,MAT00089,32112.92,22218.58,ARS,2025-09-24T04:27:00Z
DOC0000000268,2025,4,UY01,Compañía Modelo Uruguay,PC100,Consumo Masivo,C000488,MAT00008,48503.09,34173.15,UYU,2025-09-25T04:28:00Z
DOC0000000269,2025,5,UY01,Compañía Modelo Uruguay,PC100,Consumo Masivo,C000211,MAT00002,39179.16,28687.29,UYU,2025-09-26T04:29:00Z
DOC0000000270,2025,6,AR01,Compañía Modelo Argentina,PC200,Canal Mayorista,C000228,MAT00115,25685.65,15686.15,ARS,2025-09-27T04:30:00Z
DOC0000000271,2025,7,UY01,Compañía Modelo Uruguay,PC100,Consumo Masivo,C000409,MAT00035,13507.39,9933.81,UYU,2025-09-28T04:31:00Z
DOC0000000272,2025,8,UY01,Compañía Modelo Uruguay,PC100,Consumo Masivo,C000070,MAT00107,62739.20,42828.13,UYU,2025-09-29T04:32:00Z
DOC0000000273,2025,9,AR01,Compañía Modelo Argentina,PC200,Canal Mayorista,C000416,MAT00104,6142.95,3777.46,ARS,2025-09-30T04:33:00Z
DOC0000000274,2025,10,AR01,Compañía Modelo Argentina,PC100,Consumo Masivo,C000090,MAT00018,73476.66,49440.42,ARS,2025-10-01T04:34:00Z
DOC0000000275,2025,11,AR01,Compañía Modelo Argentina,PC100,Consumo Masivo,C000008,MAT00019,57787.34,40408.37,ARS,2025-10-02T04:35:00Z
DOC0000000276,2025,12,UY01,Compañía Modelo Uruguay,PC300,Exportación,C000264,MAT00095,7331.31,4832.46,UYU,2025-10-03T04:36:00Z
DOC0000000277,2025,1,UY01,Compañía Modelo Uruguay,PC300,Exportación,C000294,MAT00097,40016.77,26436.13,UYU,2025-10-04T04:37:00Z
DOC0000000278,2025,2,AR01,Compañía Modelo Argentina,PC100,Consumo Masivo,C000264,MAT00014,34641.22,29813.60,ARS,2025-10-05T04:38:00Z
DOC0000000279,2025,3,UY01,Compañía Modelo Uruguay,PC300,Exportación,C000437,MAT00080,74561.21,62361.15,UYU,2025-10-06T04:39:00Z
DOC0000000280,2025,4,UY01,Compañía Modelo Uruguay,PC300,Exportación,C000198,MAT00015,60431.02,46433.53,UYU,2025-10-07T04:40:00Z
DOC0000000281,2025,5,UY01,Compañía Modelo Uruguay,PC300,Exportación,C000487,MAT00009,44485.07,33829.30,UYU,2025-10-08T04:41:00Z
DOC0000000282,2025,6,UY01,Compañía Modelo Uruguay,PC300,Exportación,C000372,MAT00055,73404.46,53571.04,UYU,2025-10-09T04:42:00Z
DOC0000000283,2025,7,UY01,Compañía Modelo Uruguay,PC100,Consumo Masivo,C000361,MAT00083,43816.64,38259.89,UYU,2025-10-10T04:43:00Z
DOC0000000284,2025,8,AR01,Compañía Modelo Argentina,PC300,Exportación,C000007,MAT00090,4082.54,2915.12,ARS,2025-10-11T04:44:00Z
DOC0000000285,2025,9,AR01,Compañía Modelo Argentina,PC100,Consumo Masivo,C000467,MAT00120,73283.44,52674.45,ARS,2025-10-12T04:45:00Z
DOC0000000286,2025,10,UY01,Compañía Modelo Uruguay,PC300,Exportación,C000006,MAT00066,47670.52,37797.16,UYU,2025-10-13T04:46:00Z
DOC0000000287,2025,11,UY01,Compañía Modelo Uruguay,PC200,Canal Mayorista,C000189,MAT00032,66244.66,46207.99,UYU,2025-10-14T04:47:00Z
DOC0000000288,2025,12,AR01,Compañía Modelo Argentina,PC200,Canal Mayorista,C000148,MAT00057,38407.82,26220.11,ARS,2025-10-15T04:48:00Z
DOC0000000289,2025,1,AR01,Compañía Modelo Argentina,PC200,Canal Mayorista,C000227,MAT00038,67101.31,56583.56,ARS,2025-10-16T04:49:00Z
DOC0000000290,2025,2,AR01,Compañía Modelo Argentina,PC300,Exportación,C000087,MAT00097,72771.93,56658.37,ARS,2025-10-17T04:50:00Z
DOC0000000291,2025,3,UY01,Compañía Modelo Uruguay,PC300,Exportación,C000041,MAT00013,73327.06,51390.48,UYU,2025-10-18T04:51:00Z
DOC0000000292,2025,4,UY01,Compañía Modelo Uruguay,PC200,Canal Mayorista,C000177,MAT00026,73542.51,57913.80,UYU,2025-10-19T04:52:00Z
DOC0000000293,2025,5,UY01,Compañía Modelo Uruguay,PC300,Exportación,C000049,MAT00016,20906.02,13004.93,UYU,2025-10-20T04:53:00Z
DOC0000000294,2025,6,UY01,Compañía Modelo Uruguay,PC200,Canal Mayorista,C000112,MAT00041,50017.62,43119.37,UYU,2025-10-21T04:54:00Z
DOC0000000295,2025,7,UY01,Compañía Modelo Uruguay,PC100,Consumo Masivo,C000316,MAT00002,42441.60,36980.71,UYU,2025-10-22T04:55:00Z
DOC0000000296,2025,8,UY01,Compañía Modelo Uruguay,PC100,Consumo Masivo,C000259,MAT00079,47155.54,30961.34,UYU,2025-10-23T04:56:00Z
DOC0000000297,2025,9,UY01,Compañía Modelo Uruguay,PC100,Consumo Masivo,C000216,MAT00094,25856.26,20378.63,UYU,2025-10-24T04:57:00Z
DOC0000000298,2025,10,AR01,Compañía Modelo Argentina,PC200,Canal Mayorista,C000463,MAT00088,67385.21,39303.23,ARS,2025-10-25T04:58:00Z
DOC0000000299,2025,11,AR01,Compañía Modelo Argentina,PC100,Consumo Masivo,C000089,MAT00016,41532.56,29373.80,ARS,2025-10-26T04:59:00Z
DOC0000000300,2025,12,AR01,Compañía Modelo Argentina,PC300,Exportación,C000424,MAT00006,55814.43,42721.66,ARS,2025-10-27T05:00:00Z
DOC0000000301,2025,1,AR01,Compañía Modelo Argentina,PC100,Consumo Masivo,C000330,MAT00103,69188.60,54874.53,ARS,2025-10-28T05:01:00Z
DOC0000000302,2025,2,AR01,Compañía Modelo Argentina,PC300,Exportación,C000372,MAT00091,54667.82,43835.93,ARS,2025-10-29T05:02:00Z
DOC0000000303,2025,3,AR01,Compañía Modelo Argentina,PC200,Canal Mayorista,C000290,MAT00002,57490.45,45182.37,ARS,2025-10-30T05:03:00Z
DOC0000000304,2025,4,AR01,Compañía Modelo Argentina,PC300,Exportación,C000358,MAT00095,66452.55,41033.86,ARS,2025-10-31T05:04:00Z
DOC0000000305,2025,5,AR01,Compañía Modelo Argentina,PC200,Canal Mayorista,C000028,MAT00112,27271.92,16934.50,ARS,2025-11-01T05:05:00Z
DOC0000000306,2025,6,AR01,Compañía Modelo Argentina,PC300,Exportación,C000390,MAT00082,61727.21,53951.52,ARS,2025-11-02T05:06:00Z
DOC0000000307,2025,7,UY01,Compañía Modelo Uruguay,PC300,Exportación,C000138,MAT00016,67135.41,43310.47,UYU,2025-11-03T05:07:00Z
DOC0000000308,2025,8,AR01,Compañía Modelo Argentina,PC200,Canal Mayorista,C000370,MAT00087,23039.78,18197.45,ARS,2025-11-04T05:08:00Z
DOC0000000309,2025,9,AR01,Compañía Modelo Argentina,PC100,Consumo Masivo,C000132,MAT00006,53325.46,43660.61,ARS,2025-11-05T05:09:00Z
DOC0000000310,2025,10,UY01,Compañía Modelo Uruguay,PC100,Consumo Masivo,C000160,MAT00010,18124.21,12448.82,UYU,2025-11-06T05:10:00Z
DOC0000000311,2025,11,UY01,Compañía Modelo Uruguay,PC200,Canal Mayorista,C000014,MAT00097,19594.85,14658.76,UYU,2025-11-07T05:11:00Z
DOC0000000312,2025,12,AR01,Compañía Modelo Argentina,PC200,Canal Mayorista,C000171,MAT00032,40191.46,23631.18,ARS,2025-11-08T05:12:00Z
DOC0000000313,2025,1,AR01,Compañía Modelo Argentina,PC100,Consumo Masivo,C000081,MAT00080,37161.09,32567.39,ARS,2025-11-09T05:13:00Z
DOC0000000314,2025,2,UY01,Compañía Modelo Uruguay,PC100,Consumo Masivo,C000253,MAT00051,40311.97,31362.67,UYU,2025-11-10T05:14:00Z
DOC0000000315,2025,3,UY01,Compañía Modelo Uruguay,PC200,Canal Mayorista,C000074,MAT00105,31278.03,18632.23,UYU,2025-11-11T05:15:00Z
DOC0000000316,2025,4,UY01,Compañía Modelo Uruguay,PC100,Consumo Masivo,C000209,MAT00019,44900.98,32780.97,UYU,2025-11-12T05:16:00Z
DOC0000000317,2025,5,AR01,Compañía Modelo Argentina,PC300,Exportación,C000144,MAT00027,31290.55,21044.98,ARS,2025-11-13T05:17:00Z
DOC0000000318,2025,6,AR01,Compañía Modelo Argentina,PC200,Canal Mayorista,C000494,MAT00005,32936.04,24689.48,ARS,2025-11-14T05:18:00Z
DOC0000000319,2025,7,UY01,Compañía Modelo Uruguay,PC200,Canal Mayorista,C000367,MAT00113,63229.18,52890.29,UYU,2025-11-15T05:19:00Z
DOC0000000320,2025,8,UY01,Compañía Modelo Uruguay,PC300,Exportación,C000334,MAT00003,34177.44,26617.88,UYU,2025-11-16T05:20:00Z
DOC0000000321,2025,9,UY01,Compañía Modelo Uruguay,PC300,Exportación,C000125,MAT00053,2812.78,1710.72,UYU,2025-11-17T05:21:00Z
DOC0000000322,2025,10,AR01,Compañía Modelo Argentina,PC300,Exportación,C000256,MAT00094,64007.00,39707.51,ARS,2025-11-18T05:22:00Z
DOC0000000323,2025,11,UY01,Compañía Modelo Uruguay,PC100,Consumo Masivo,C000294,MAT00076,63242.13,49646.85,UYU,2025-11-19T05:23:00Z
DOC0000000324,2025,12,AR01,Compañía Modelo Argentina,PC300,Exportación,C000480,MAT00091,69484.02,43816.89,ARS,2025-11-20T05:24:00Z
DOC0000000325,2025,1,UY01,Compañía Modelo Uruguay,PC300,Exportación,C000401,MAT00117,49254.63,37039.36,UYU,2025-11-21T05:25:00Z
DOC0000000326,2025,2,AR01,Compañía Modelo Argentina,PC100,Consumo Masivo,C000054,MAT00070,21121.31,17547.15,ARS,2025-11-22T05:26:00Z
DOC0000000327,2025,3,AR01,Compañía Modelo Argentina,PC100,Consumo Masivo,C000322,MAT00088,24299.41,20154.87,ARS,2025-11-23T05:27:00Z
DOC0000000328,2025,4,UY01,Compañía Modelo Uruguay,PC100,Consumo Masivo,C000448,MAT00001,41042.14,35355.46,UYU,2025-11-24T05:28:00Z
DOC0000000329,2025,5,UY01,Compañía Modelo Uruguay,PC200,Canal Mayorista,C000376,MAT00035,27352.37,16850.42,UYU,2025-11-25T05:29:00Z
DOC0000000330,2025,6,UY01,Compañía Modelo Uruguay,PC200,Canal Mayorista,C000353,MAT00040,31501.25,27414.86,UYU,2025-11-26T05:30:00Z
DOC0000000331,2025,7,UY01,Compañía Modelo Uruguay,PC200,Canal Mayorista,C000360,MAT00053,42323.20,33338.94,UYU,2025-11-27T05:31:00Z
DOC0000000332,2025,8,UY01,Compañía Modelo Uruguay,PC200,Canal Mayorista,C000495,MAT00075,7062.94,6092.87,UYU,2025-11-28T05:32:00Z
DOC0000000333,2025,9,UY01,Compañía Modelo Uruguay,PC300,Exportación,C000384,MAT00073,53009.01,40365.44,UYU,2025-11-29T05:33:00Z
DOC0000000334,2025,10,UY01,Compañía Modelo Uruguay,PC100,Consumo Masivo,C000210,MAT00081,51750.07,34581.81,UYU,2025-11-30T05:34:00Z
DOC0000000335,2025,11,AR01,Compañía Modelo Argentina,PC200,Canal Mayorista,C000319,MAT00037,62322.05,47083.91,ARS,2025-12-01T05:35:00Z
DOC0000000336,2025,12,AR01,Compañía Modelo Argentina,PC100,Consumo Masivo,C000408,MAT00024,5132.51,4179.48,ARS,2025-12-02T05:36:00Z
DOC0000000337,2025,1,AR01,Compañía Modelo Argentina,PC300,Exportación,C000085,MAT00062,39375.02,23948.54,ARS,2025-12-03T05:37:00Z
DOC0000000338,2025,2,AR01,Compañía Modelo Argentina,PC300,Exportación,C000447,MAT00113,57741.58,42751.85,ARS,2025-12-04T05:38:00Z
DOC0000000339,2025,3,UY01,Compañía Modelo Uruguay,PC200,Canal Mayorista,C000389,MAT00090,30347.24,22972.88,UYU,2025-12-05T05:39:00Z
DOC0000000340,2025,4,AR01,Compañía Modelo Argentina,PC100,Consumo Masivo,C000204,MAT00063,62414.07,49749.62,ARS,2025-12-06T05:40:00Z
DOC0000000341,2025,5,UY01,Compañía Modelo Uruguay,PC100,Consumo Masivo,C000374,MAT00041,70819.21,54767.72,UYU,2025-12-07T05:41:00Z
DOC0000000342,2025,6,UY01,Compañía Modelo Uruguay,PC100,Consumo Masivo,C000300,MAT00016,53059.00,37233.37,UYU,2025-12-08T05:42:00Z
DOC0000000343,2025,7,AR01,Compañía Modelo Argentina,PC100,Consumo Masivo,C000434,MAT00059,35927.79,28745.29,ARS,2025-12-09T05:43:00Z
DOC0000000344,2025,8,UY01,Compañía Modelo Uruguay,PC200,Canal Mayorista,C000034,MAT00033,19054.39,15863.21,UYU,2025-12-10T05:44:00Z
DOC0000000345,2025,9,UY01,Compañía Modelo Uruguay,PC200,Canal Mayorista,C000355,MAT00033,48337.92,40837.72,UYU,2025-12-11T05:45:00Z
DOC0000000346,2025,10,UY01,Compañía Modelo Uruguay,PC100,Consumo Masivo,C000232,MAT00091,29632.49,21446.31,UYU,2025-12-12T05:46:00Z
DOC0000000347,2025,11,UY01,Compañía Modelo Uruguay,PC200,Canal Mayorista,C000082,MAT00025,9295.16,6144.19,UYU,2025-12-13T05:47:00Z
DOC0000000348,2025,12,UY01,Compañía Modelo Uruguay,PC300,Exportación,C000269,MAT00031,57816.18,43056.85,UYU,2025-12-14T05:48:00Z
DOC0000000349,2025,1,UY01,Compañía Modelo Uruguay,PC200,Canal Mayorista,C000318,MAT00083,70697.37,53823.27,UYU,2025-12-15T05:49:00Z
DOC0000000350,2025,2,UY01,Compañía Modelo Uruguay,PC300,Exportación,C000401,MAT00068,46242.22,27096.04,UYU,2025-12-16T05:50:00Z
DOC0000000351,2025,3,AR01,Compañía Modelo Argentina,PC100,Consumo Masivo,C000142,MAT00090,45986.90,33061.32,ARS,2025-12-17T05:51:00Z
DOC0000000352,2025,4,UY01,Compañía Modelo Uruguay,PC100,Consumo Masivo,C000020,MAT00004,41933.37,31211.19,UYU,2025-12-18T05:52:00Z
DOC0000000353,2025,5,AR01,Compañía Modelo Argentina,PC200,Canal Mayorista,C000060,MAT00063,50776.55,41760.14,ARS,2025-12-19T05:53:00Z
DOC0000000354,2025,6,AR01,Compañía Modelo Argentina,PC100,Consumo Masivo,C000019,MAT00011,28012.27,20012.33,ARS,2025-12-20T05:54:00Z
DOC0000000355,2025,7,UY01,Compañía Modelo Uruguay,PC300,Exportación,C000401,MAT00095,14228.97,8556.82,UYU,2025-12-21T05:55:00Z
DOC0000000356,2025,8,UY01,Compañía Modelo Uruguay,PC200,Canal Mayorista,C000043,MAT00056,55969.49,35945.46,UYU,2025-12-22T05:56:00Z
DOC0000000357,2025,9,UY01,Compañía Modelo Uruguay,PC200,Canal Mayorista,C000148,MAT00016,51585.18,36665.67,UYU,2025-12-23T05:57:00Z
DOC0000000358,2025,10,AR01,Compañía Modelo Argentina,PC300,Exportación,C000420,MAT00071,5738.86,4007.61,ARS,2025-12-24T05:58:00Z
DOC0000000359,2025,11,UY01,Compañía Modelo Uruguay,PC200,Canal Mayorista,C000496,MAT00059,19133.11,12002.83,UYU,2025-12-25T05:59:00Z
DOC0000000360,2025,12,UY01,Compañía Modelo Uruguay,PC100,Consumo Masivo,C000145,MAT00066,18354.86,13606.35,UYU,2025-12-26T06:00:00Z
DOC0000000361,2025,1,UY01,Compañía Modelo Uruguay,PC100,Consumo Masivo,C000319,MAT00062,11538.68,8898.92,UYU,2025-12-27T06:01:00Z
DOC0000000362,2025,2,UY01,Compañía Modelo Uruguay,PC300,Exportación,C000188,MAT00053,70100.80,46937.47,UYU,2025-12-28T06:02:00Z
DOC0000000363,2025,3,UY01,Compañía Modelo Uruguay,PC100,Consumo Masivo,C000143,MAT00090,43538.93,32492.17,UYU,2025-12-29T06:03:00Z
DOC0000000364,2025,4,UY01,Compañía Modelo Uruguay,PC300,Exportación,C000331,MAT00056,22099.10,19174.52,UYU,2025-12-30T06:04:00Z
DOC0000000365,2025,5,AR01,Compañía Modelo Argentina,PC200,Canal Mayorista,C000258,MAT00116,5996.64,5008.24,ARS,2025-12-31T06:05:00Z
DOC0000000366,2025,6,AR01,Compañía Modelo Argentina,PC100,Consumo Masivo,C000300,MAT00090,22693.76,17136.71,ARS,2026-01-01T06:06:00Z
DOC0000000367,2025,7,AR01,Compañía Modelo Argentina,PC100,Consumo Masivo,C000306,MAT00032,22776.55,19129.93,ARS,2026-01-02T06:07:00Z
DOC0000000368,2025,8,AR01,Compañía Modelo Argentina,PC300,Exportación,C000448,MAT00120,46947.13,31756.96,ARS,2026-01-03T06:08:00Z
DOC0000000369,2025,9,UY01,Compañía Modelo Uruguay,PC200,Canal Mayorista,C000437,MAT00060,68788.56,55961.95,UYU,2026-01-04T06:09:00Z
DOC0000000370,2025,10,AR01,Compañía Modelo Argentina,PC100,Consumo Masivo,C000488,MAT00060,23842.84,19668.66,ARS,2026-01-05T06:10:00Z
DOC0000000371,2025,11,AR01,Compañía Modelo Argentina,PC300,Exportación,C000225,MAT00074,54094.04,38296.71,ARS,2026-01-06T06:11:00Z
DOC0000000372,2025,12,AR01,Compañía Modelo Argentina,PC200,Canal Mayorista,C000044,MAT00059,50834.19,32537.99,ARS,2026-01-07T06:12:00Z
DOC0000000373,2025,1,AR01,Compañía Modelo Argentina,PC100,Consumo Masivo,C000115,MAT00047,29555.79,23888.71,ARS,2026-01-08T06:13:00Z
DOC0000000374,2025,2,AR01,Compañía Modelo Argentina,PC100,Consumo Masivo,C000290,MAT00064,69431.31,51595.09,ARS,2026-01-09T06:14:00Z
DOC0000000375,2025,3,AR01,Compañía Modelo Argentina,PC100,Consumo Masivo,C000455,MAT00036,74107.15,63866.04,ARS,2026-01-10T06:15:00Z
DOC0000000376,2025,4,AR01,Compañía Modelo Argentina,PC300,Exportación,C000177,MAT00042,16505.43,11890.60,ARS,2026-01-11T06:16:00Z
DOC0000000377,2025,5,UY01,Compañía Modelo Uruguay,PC200,Canal Mayorista,C000386,MAT00095,40230.79,34275.85,UYU,2026-01-12T06:17:00Z
DOC0000000378,2025,6,AR01,Compañía Modelo Argentina,PC300,Exportación,C000397,MAT00001,12939.59,8302.10,ARS,2026-01-13T06:18:00Z
DOC0000000379,2025,7,AR01,Compañía Modelo Argentina,PC300,Exportación,C000187,MAT00066,16901.90,12985.02,ARS,2026-01-14T06:19:00Z
DOC0000000380,2025,8,AR01,Compañía Modelo Argentina,PC300,Exportación,C000492,MAT00077,61512.33,47437.79,ARS,2026-01-15T06:20:00Z
DOC0000000381,2025,9,UY01,Compañía Modelo Uruguay,PC300,Exportación,C000025,MAT00084,56972.28,43084.65,UYU,2026-01-16T06:21:00Z
DOC0000000382,2025,10,AR01,Compañía Modelo Argentina,PC100,Consumo Masivo,C000495,MAT00003,29313.58,22682.75,ARS,2026-01-17T06:22:00Z
DOC0000000383,2025,11,AR01,Compañía Modelo Argentina,PC100,Consumo Masivo,C000250,MAT00035,31859.19,26928.74,ARS,2026-01-18T06:23:00Z
DOC0000000384,2025,12,AR01,Compañía Modelo Argentina,PC100,Consumo Masivo,C000243,MAT00084,5253.69,4556.07,ARS,2026-01-19T06:24:00Z
DOC0000000385,2025,1,AR01,Compañía Modelo Argentina,PC200,Canal Mayorista,C000148,MAT00054,33924.69,24075.83,ARS,2026-01-20T06:25:00Z
DOC0000000386,2025,2,UY01,Compañía Modelo Uruguay,PC100,Consumo Masivo,C000398,MAT00027,19426.05,15546.00,UYU,2026-01-21T06:26:00Z
DOC0000000387,2025,3,AR01,Compañía Modelo Argentina,PC100,Consumo Masivo,C000248,MAT00068,20403.92,17361.47,ARS,2026-01-22T06:27:00Z
DOC0000000388,2025,4,AR01,Compañía Modelo Argentina,PC100,Consumo Masivo,C000151,MAT00102,31991.55,23006.43,ARS,2026-01-23T06:28:00Z
DOC0000000389,2025,5,UY01,Compañía Modelo Uruguay,PC300,Exportación,C000119,MAT00001,4845.12,3982.68,UYU,2026-01-24T06:29:00Z
DOC0000000390,2025,6,AR01,Compañía Modelo Argentina,PC100,Consumo Masivo,C000231,MAT00011,26514.40,21539.14,ARS,2026-01-25T06:30:00Z
DOC0000000391,2025,7,UY01,Compañía Modelo Uruguay,PC300,Exportación,C000266,MAT00077,19799.90,12895.45,UYU,2026-01-26T06:31:00Z
DOC0000000392,2025,8,AR01,Compañía Modelo Argentina,PC100,Consumo Masivo,C000284,MAT00045,35069.92,30283.42,ARS,2026-01-27T06:32:00Z
DOC0000000393,2025,9,UY01,Compañía Modelo Uruguay,PC300,Exportación,C000479,MAT00009,36758.10,27873.93,UYU,2026-01-28T06:33:00Z
DOC0000000394,2025,10,UY01,Compañía Modelo Uruguay,PC300,Exportación,C000483,MAT00085,51423.86,34636.36,UYU,2026-01-29T06:34:00Z
DOC0000000395,2025,11,UY01,Compañía Modelo Uruguay,PC100,Consumo Masivo,C000119,MAT00023,25213.80,17479.67,UYU,2026-01-30T06:35:00Z
DOC0000000396,2025,12,UY01,Compañía Modelo Uruguay,PC100,Consumo Masivo,C000393,MAT00092,39842.35,24468.52,UYU,2026-01-31T06:36:00Z
DOC0000000397,2025,1,AR01,Compañía Modelo Argentina,PC200,Canal Mayorista,C000098,MAT00039,14360.32,10562.99,ARS,2026-02-01T06:37:00Z
DOC0000000398,2025,2,AR01,Compañía Modelo Argentina,PC200,Canal Mayorista,C000441,MAT00022,24321.56,20666.72,ARS,2026-02-02T06:38:00Z
DOC0000000399,2025,3,AR01,Compañía Modelo Argentina,PC300,Exportación,C000372,MAT00087,33386.59,28231.79,ARS,2026-02-03T06:39:00Z
DOC0000000400,2025,4,UY01,Compañía Modelo Uruguay,PC300,Exportación,C000355,MAT00057,56361.00,39202.40,UYU,2026-02-04T06:40:00Z
DOC0000000401,2025,5,UY01,Compañía Modelo Uruguay,PC200,Canal Mayorista,C000272,MAT00096,29841.13,17805.50,UYU,2026-02-05T06:41:00Z
DOC0000000402,2025,6,UY01,Compañía Modelo Uruguay,PC100,Consumo Masivo,C000405,MAT00008,73059.72,53417.05,UYU,2026-02-06T06:42:00Z
DOC0000000403,2025,7,UY01,Compañía Modelo Uruguay,PC200,Canal Mayorista,C000001,MAT00073,37668.59,30078.27,UYU,2026-02-07T06:43:00Z
DOC0000000404,2025,8,AR01,Compañía Modelo Argentina,PC300,Exportación,C000066,MAT00078,3063.44,2241.41,ARS,2026-02-08T06:44:00Z
DOC0000000405,2025,9,AR01,Compañía Modelo Argentina,PC300,Exportación,C000094,MAT00055,7876.18,4810.36,ARS,2026-02-09T06:45:00Z
DOC0000000406,2025,10,AR01,Compañía Modelo Argentina,PC200,Canal Mayorista,C000113,MAT00052,22251.77,15582.62,ARS,2026-02-10T06:46:00Z
DOC0000000407,2025,11,AR01,Compañía Modelo Argentina,PC100,Consumo Masivo,C000125,MAT00023,58467.03,44117.67,ARS,2026-02-11T06:47:00Z
DOC0000000408,2025,12,UY01,Compañía Modelo Uruguay,PC100,Consumo Masivo,C000335,MAT00116,29019.39,24237.16,UYU,2026-02-12T06:48:00Z
DOC0000000409,2025,1,UY01,Compañía Modelo Uruguay,PC200,Canal Mayorista,C000290,MAT00037,37506.59,22341.97,UYU,2026-02-13T06:49:00Z
DOC0000000410,2025,2,AR01,Compañía Modelo Argentina,PC300,Exportación,C000446,MAT00046,18622.05,11322.57,ARS,2026-02-14T06:50:00Z
DOC0000000411,2025,3,UY01,Compañía Modelo Uruguay,PC300,Exportación,C000153,MAT00100,63804.93,51927.85,UYU,2026-02-15T06:51:00Z
DOC0000000412,2025,4,AR01,Compañía Modelo Argentina,PC100,Consumo Masivo,C000275,MAT00067,35191.02,24557.43,ARS,2026-02-16T06:52:00Z
DOC0000000413,2025,5,AR01,Compañía Modelo Argentina,PC300,Exportación,C000431,MAT00027,66806.28,49251.99,ARS,2026-02-17T06:53:00Z
DOC0000000414,2025,6,AR01,Compañía Modelo Argentina,PC300,Exportación,C000122,MAT00062,11677.83,9968.13,ARS,2026-02-18T06:54:00Z
DOC0000000415,2025,7,AR01,Compañía Modelo Argentina,PC300,Exportación,C000096,MAT00091,23092.11,15741.36,ARS,2026-02-19T06:55:00Z
DOC0000000416,2025,8,AR01,Compañía Modelo Argentina,PC100,Consumo Masivo,C000491,MAT00030,39878.21,23635.17,ARS,2026-02-20T06:56:00Z
DOC0000000417,2025,9,UY01,Compañía Modelo Uruguay,PC300,Exportación,C000140,MAT00034,10466.05,7430.88,UYU,2026-02-21T06:57:00Z
DOC0000000418,2025,10,UY01,Compañía Modelo Uruguay,PC100,Consumo Masivo,C000156,MAT00096,46545.28,38969.41,UYU,2026-02-22T06:58:00Z
DOC0000000419,2025,11,AR01,Compañía Modelo Argentina,PC300,Exportación,C000242,MAT00015,23934.90,14691.11,ARS,2026-02-23T06:59:00Z
DOC0000000420,2025,12,UY01,Compañía Modelo Uruguay,PC300,Exportación,C000125,MAT00012,31845.51,25462.51,UYU,2026-02-24T07:00:00Z
DOC0000000421,2025,1,UY01,Compañía Modelo Uruguay,PC200,Canal Mayorista,C000491,MAT00024,14752.54,10322.04,UYU,2026-02-25T07:01:00Z
DOC0000000422,2025,2,UY01,Compañía Modelo Uruguay,PC100,Consumo Masivo,C000385,MAT00002,39376.85,24307.08,UYU,2026-02-26T07:02:00Z
DOC0000000423,2025,3,UY01,Compañía Modelo Uruguay,PC100,Consumo Masivo,C000256,MAT00015,69272.46,44275.89,UYU,2026-02-27T07:03:00Z
DOC0000000424,2025,4,UY01,Compañía Modelo Uruguay,PC200,Canal Mayorista,C000232,MAT00068,68852.29,55001.67,UYU,2026-02-28T07:04:00Z
DOC0000000425,2025,5,AR01,Compañía Modelo Argentina,PC200,Canal Mayorista,C000140,MAT00070,43047.70,30889.96,ARS,2026-03-01T07:05:00Z
DOC0000000426,2025,6,AR01,Compañía Modelo Argentina,PC100,Consumo Masivo,C000178,MAT00033,72333.43,58181.09,ARS,2026-03-02T07:06:00Z
DOC0000000427,2025,7,UY01,Compañía Modelo Uruguay,PC200,Canal Mayorista,C000453,MAT00116,63921.28,53743.80,UYU,2026-03-03T07:07:00Z
DOC0000000428,2025,8,UY01,Compañía Modelo Uruguay,PC300,Exportación,C000280,MAT00014,46897.17,29908.12,UYU,2026-03-04T07:08:00Z
DOC0000000429,2025,9,UY01,Compañía Modelo Uruguay,PC100,Consumo Masivo,C000202,MAT00079,29397.40,20474.66,UYU,2026-03-05T07:09:00Z
DOC0000000430,2025,10,UY01,Compañía Modelo Uruguay,PC100,Consumo Masivo,C000499,MAT00097,29592.58,24460.37,UYU,2026-03-06T07:10:00Z
DOC0000000431,2025,11,AR01,Compañía Modelo Argentina,PC300,Exportación,C000251,MAT00028,53195.09,44507.82,ARS,2026-03-07T07:11:00Z
DOC0000000432,2025,12,AR01,Compañía Modelo Argentina,PC200,Canal Mayorista,C000011,MAT00091,48495.29,35868.87,ARS,2026-03-08T07:12:00Z
DOC0000000433,2025,1,AR01,Compañía Modelo Argentina,PC100,Consumo Masivo,C000391,MAT00103,7930.15,5647.42,ARS,2026-03-09T07:13:00Z
DOC0000000434,2025,2,AR01,Compañía Modelo Argentina,PC300,Exportación,C000276,MAT00004,45042.07,26865.40,ARS,2026-03-10T07:14:00Z
DOC0000000435,2025,3,AR01,Compañía Modelo Argentina,PC100,Consumo Masivo,C000187,MAT00110,72051.18,43952.94,ARS,2026-03-11T07:15:00Z
DOC0000000436,2025,4,UY01,Compañía Modelo Uruguay,PC200,Canal Mayorista,C000409,MAT00042,39545.35,26958.14,UYU,2026-03-12T07:16:00Z
DOC0000000437,2025,5,AR01,Compañía Modelo Argentina,PC200,Canal Mayorista,C000045,MAT00022,12245.49,9772.76,ARS,2026-03-13T07:17:00Z
DOC0000000438,2025,6,UY01,Compañía Modelo Uruguay,PC100,Consumo Masivo,C000456,MAT00030,57964.38,36121.27,UYU,2026-03-14T07:18:00Z
DOC0000000439,2025,7,UY01,Compañía Modelo Uruguay,PC200,Canal Mayorista,C000226,MAT00115,4935.96,3127.78,UYU,2026-03-15T07:19:00Z
DOC0000000440,2025,8,UY01,Compañía Modelo Uruguay,PC200,Canal Mayorista,C000487,MAT00035,57554.14,44859.59,UYU,2026-03-16T07:20:00Z
DOC0000000441,2025,9,UY01,Compañía Modelo Uruguay,PC300,Exportación,C000406,MAT00069,9174.32,7107.92,UYU,2026-03-17T07:21:00Z
DOC0000000442,2025,10,UY01,Compañía Modelo Uruguay,PC100,Consumo Masivo,C000069,MAT00074,28413.69,16564.99,UYU,2026-03-18T07:22:00Z
DOC0000000443,2025,11,UY01,Compañía Modelo Uruguay,PC100,Consumo Masivo,C000270,MAT00062,57537.73,33570.26,UYU,2026-03-19T07:23:00Z
DOC0000000444,2025,12,UY01,Compañía Modelo Uruguay,PC200,Canal Mayorista,C000371,MAT00082,45988.19,32566.00,UYU,2026-03-20T07:24:00Z
DOC0000000445,2025,1,UY01,Compañía Modelo Uruguay,PC100,Consumo Masivo,C000074,MAT00006,1295.12,887.76,UYU,2026-03-21T07:25:00Z
DOC0000000446,2025,2,AR01,Compañía Modelo Argentina,PC300,Exportación,C000048,MAT00099,26887.77,19593.44,ARS,2026-03-22T07:26:00Z
DOC0000000447,2025,3,AR01,Compañía Modelo Argentina,PC100,Consumo Masivo,C000089,MAT00089,50518.38,39083.73,ARS,2026-03-23T07:27:00Z
DOC0000000448,2025,4,AR01,Compañía Modelo Argentina,PC100,Consumo Masivo,C000360,MAT00117,41620.81,33907.25,ARS,2026-03-24T07:28:00Z
DOC0000000449,2025,5,UY01,Compañía Modelo Uruguay,PC200,Canal Mayorista,C000111,MAT00097,60220.71,41645.58,UYU,2026-03-25T07:29:00Z
DOC0000000450,2025,6,UY01,Compañía Modelo Uruguay,PC300,Exportación,C000042,MAT00086,43025.50,32284.46,UYU,2026-03-26T07:30:00Z
DOC0000000451,2025,7,AR01,Compañía Modelo Argentina,PC100,Consumo Masivo,C000064,MAT00018,55335.64,34329.01,ARS,2026-03-27T07:31:00Z
DOC0000000452,2025,8,UY01,Compañía Modelo Uruguay,PC100,Consumo Masivo,C000370,MAT00080,16544.91,13863.88,UYU,2026-03-28T07:32:00Z
DOC0000000453,2025,9,AR01,Compañía Modelo Argentina,PC100,Consumo Masivo,C000151,MAT00011,41223.08,26436.00,ARS,2026-03-29T07:33:00Z
DOC0000000454,2025,10,UY01,Compañía Modelo Uruguay,PC100,Consumo Masivo,C000009,MAT00004,73867.33,44003.86,UYU,2026-03-30T07:34:00Z
DOC0000000455,2025,11,UY01,Compañía Modelo Uruguay,PC100,Consumo Masivo,C000214,MAT00118,15019.86,12882.42,UYU,2026-03-31T07:35:00Z
DOC0000000456,2025,12,UY01,Compañía Modelo Uruguay,PC100,Consumo Masivo,C000321,MAT00080,16756.73,10331.83,UYU,2026-04-01T07:36:00Z
DOC0000000457,2025,1,AR01,Compañía Modelo Argentina,PC300,Exportación,C000046,MAT00067,42761.83,31582.44,ARS,2026-04-02T07:37:00Z
DOC0000000458,2025,2,AR01,Compañía Modelo Argentina,PC300,Exportación,C000188,MAT00017,42833.98,27263.27,ARS,2026-04-03T07:38:00Z
DOC0000000459,2025,3,UY01,Compañía Modelo Uruguay,PC200,Canal Mayorista,C000044,MAT00073,25453.10,17135.11,UYU,2026-04-04T07:39:00Z
DOC0000000460,2025,4,UY01,Compañía Modelo Uruguay,PC100,Consumo Masivo,C000365,MAT00102,39489.18,26532.74,UYU,2026-04-05T07:40:00Z
DOC0000000461,2025,5,UY01,Compañía Modelo Uruguay,PC100,Consumo Masivo,C000049,MAT00021,67685.63,42211.43,UYU,2026-04-06T07:41:00Z
DOC0000000462,2025,6,AR01,Compañía Modelo Argentina,PC100,Consumo Masivo,C000170,MAT00088,62254.05,49913.83,ARS,2026-04-07T07:42:00Z
DOC0000000463,2025,7,UY01,Compañía Modelo Uruguay,PC200,Canal Mayorista,C000181,MAT00032,35540.70,28064.11,UYU,2026-04-08T07:43:00Z
DOC0000000464,2025,8,UY01,Compañía Modelo Uruguay,PC200,Canal Mayorista,C000394,MAT00081,36967.94,30970.58,UYU,2026-04-09T07:44:00Z
DOC0000000465,2025,9,UY01,Compañía Modelo Uruguay,PC100,Consumo Masivo,C000248,MAT00111,15770.65,11804.65,UYU,2026-04-10T07:45:00Z
DOC0000000466,2025,10,UY01,Compañía Modelo Uruguay,PC300,Exportación,C000236,MAT00041,34579.75,27049.88,UYU,2026-04-11T07:46:00Z
DOC0000000467,2025,11,AR01,Compañía Modelo Argentina,PC300,Exportación,C000291,MAT00010,33193.74,21637.42,ARS,2026-04-12T07:47:00Z
DOC0000000468,2025,12,AR01,Compañía Modelo Argentina,PC200,Canal Mayorista,C000302,MAT00042,56297.15,32877.85,ARS,2026-04-13T07:48:00Z
DOC0000000469,2025,1,UY01,Compañía Modelo Uruguay,PC300,Exportación,C000195,MAT00078,73078.95,54020.34,UYU,2026-04-14T07:49:00Z
DOC0000000470,2025,2,AR01,Compañía Modelo Argentina,PC200,Canal Mayorista,C000029,MAT00117,24547.45,18336.05,ARS,2026-04-15T07:50:00Z
DOC0000000471,2025,3,UY01,Compañía Modelo Uruguay,PC300,Exportación,C000041,MAT00106,73633.90,51497.44,UYU,2026-04-16T07:51:00Z
DOC0000000472,2025,4,UY01,Compañía Modelo Uruguay,PC200,Canal Mayorista,C000227,MAT00059,36976.99,30212.29,UYU,2026-04-17T07:52:00Z
DOC0000000473,2025,5,UY01,Compañía Modelo Uruguay,PC300,Exportación,C000055,MAT00068,43937.62,31542.18,UYU,2026-04-18T07:53:00Z
DOC0000000474,2025,6,UY01,Compañía Modelo Uruguay,PC200,Canal Mayorista,C000175,MAT00069,28729.86,24549.79,UYU,2026-04-19T07:54:00Z
DOC0000000475,2025,7,UY01,Compañía Modelo Uruguay,PC200,Canal Mayorista,C000021,MAT00084,61223.07,47397.12,UYU,2026-04-20T07:55:00Z
DOC0000000476,2025,8,UY01,Compañía Modelo Uruguay,PC200,Canal Mayorista,C000351,MAT00031,3147.02,2268.84,UYU,2026-04-21T07:56:00Z
DOC0000000477,2025,9,AR01,Compañía Modelo Argentina,PC300,Exportación,C000209,MAT00095,68318.89,58068.00,ARS,2026-04-22T07:57:00Z
DOC0000000478,2025,10,UY01,Compañía Modelo Uruguay,PC200,Canal Mayorista,C000249,MAT00094,42913.92,27188.38,UYU,2026-04-23T07:58:00Z
DOC0000000479,2025,11,AR01,Compañía Modelo Argentina,PC200,Canal Mayorista,C000174,MAT00035,57277.94,41568.48,ARS,2026-04-24T07:59:00Z
DOC0000000480,2025,12,UY01,Compañía Modelo Uruguay,PC300,Exportación,C000034,MAT00098,19138.51,12082.01,UYU,2026-04-25T08:00:00Z
DOC0000000481,2025,1,AR01,Compañía Modelo Argentina,PC300,Exportación,C000109,MAT00012,69250.08,59547.82,ARS,2026-04-26T08:01:00Z
DOC0000000482,2025,2,UY01,Compañía Modelo Uruguay,PC100,Consumo Masivo,C000401,MAT00080,31672.21,26405.84,UYU,2026-04-27T08:02:00Z
DOC0000000483,2025,3,UY01,Compañía Modelo Uruguay,PC300,Exportación,C000109,MAT00058,18579.84,14607.86,UYU,2026-04-28T08:03:00Z
DOC0000000484,2025,4,UY01,Compañía Modelo Uruguay,PC100,Consumo Masivo,C000083,MAT00023,19472.62,11752.70,UYU,2026-04-29T08:04:00Z
DOC0000000485,2025,5,AR01,Compañía Modelo Argentina,PC300,Exportación,C000207,MAT00046,48777.81,35166.85,ARS,2026-04-30T08:05:00Z
DOC0000000486,2025,6,AR01,Compañía Modelo Argentina,PC300,Exportación,C000432,MAT00071,73933.32,59915.40,ARS,2026-05-01T08:06:00Z
DOC0000000487,2025,7,AR01,Compañía Modelo Argentina,PC200,Canal Mayorista,C000228,MAT00074,62962.35,49842.99,ARS,2026-05-02T08:07:00Z
DOC0000000488,2025,8,UY01,Compañía Modelo Uruguay,PC300,Exportación,C000106,MAT00053,63641.49,54998.53,UYU,2026-05-03T08:08:00Z
DOC0000000489,2025,9,AR01,Compañía Modelo Argentina,PC200,Canal Mayorista,C000174,MAT00023,12252.76,7176.34,ARS,2026-05-04T08:09:00Z
DOC0000000490,2025,10,AR01,Compañía Modelo Argentina,PC200,Canal Mayorista,C000477,MAT00032,26222.21,18919.74,ARS,2026-05-05T08:10:00Z
DOC0000000491,2025,11,AR01,Compañía Modelo Argentina,PC100,Consumo Masivo,C000350,MAT00029,66608.67,51887.21,ARS,2026-05-06T08:11:00Z
DOC0000000492,2025,12,UY01,Compañía Modelo Uruguay,PC200,Canal Mayorista,C000176,MAT00037,74755.34,59667.36,UYU,2026-05-07T08:12:00Z
DOC0000000493,2025,1,AR01,Compañía Modelo Argentina,PC200,Canal Mayorista,C000167,MAT00114,20643.89,14119.87,ARS,2026-05-08T08:13:00Z
DOC0000000494,2025,2,UY01,Compañía Modelo Uruguay,PC200,Canal Mayorista,C000016,MAT00008,69301.89,60821.18,UYU,2026-05-09T08:14:00Z
DOC0000000495,2025,3,UY01,Compañía Modelo Uruguay,PC100,Consumo Masivo,C000493,MAT00115,44271.18,31737.75,UYU,2026-05-10T08:15:00Z
DOC0000000496,2025,4,AR01,Compañía Modelo Argentina,PC200,Canal Mayorista,C000213,MAT00049,34662.46,21392.35,ARS,2026-05-11T08:16:00Z
DOC0000000497,2025,5,AR01,Compañía Modelo Argentina,PC200,Canal Mayorista,C000261,MAT00072,69275.83,44374.47,ARS,2026-05-12T08:17:00Z
DOC0000000498,2025,6,UY01,Compañía Modelo Uruguay,PC300,Exportación,C000004,MAT00069,11149.18,7635.67,UYU,2026-05-13T08:18:00Z
DOC0000000499,2025,7,AR01,Compañía Modelo Argentina,PC200,Canal Mayorista,C000240,MAT00058,44722.28,28649.78,ARS,2026-05-14T08:19:00Z
DOC0000000500,2025,8,UY01,Compañía Modelo Uruguay,PC200,Canal Mayorista,C000454,MAT00016,4686.11,3415.38,UYU,2026-05-15T08:20:00Z
DOC0000000501,2025,9,AR01,Compañía Modelo Argentina,PC200,Canal Mayorista,C000067,MAT00064,71194.06,56508.26,ARS,2026-05-16T08:21:00Z
DOC0000000502,2025,10,UY01,Compañía Modelo Uruguay,PC100,Consumo Masivo,C000157,MAT00089,1578.47,1018.23,UYU,2026-05-17T08:22:00Z
DOC0000000503,2025,11,AR01,Compañía Modelo Argentina,PC100,Consumo Masivo,C000202,MAT00004,19400.27,15648.95,ARS,2026-05-18T08:23:00Z
DOC0000000504,2025,12,AR01,Compañía Modelo Argentina,PC100,Consumo Masivo,C000280,MAT00004,8721.80,7225.04,ARS,2026-05-19T08:24:00Z
DOC0000000505,2025,1,UY01,Compañía Modelo Uruguay,PC100,Consumo Masivo,C000447,MAT00042,15448.42,9365.74,UYU,2026-05-20T08:25:00Z
DOC0000000506,2025,2,AR01,Compañía Modelo Argentina,PC300,Exportación,C000012,MAT00095,9139.42,5797.80,ARS,2026-05-21T08:26:00Z
DOC0000000507,2025,3,AR01,Compañía Modelo Argentina,PC300,Exportación,C000095,MAT00074,11207.67,6980.21,ARS,2026-05-22T08:27:00Z
DOC0000000508,2025,4,UY01,Compañía Modelo Uruguay,PC300,Exportación,C000463,MAT00100,36830.62,32178.00,UYU,2026-05-23T08:28:00Z
DOC0000000509,2025,5,UY01,Compañía Modelo Uruguay,PC300,Exportación,C000048,MAT00019,42434.17,35936.60,UYU,2026-05-24T08:29:00Z
DOC0000000510,2025,6,AR01,Compañía Modelo Argentina,PC100,Consumo Masivo,C000262,MAT00099,37624.24,25569.74,ARS,2026-05-25T08:30:00Z
DOC0000000511,2025,7,UY01,Compañía Modelo Uruguay,PC200,Canal Mayorista,C000067,MAT00013,62909.28,41478.62,UYU,2026-05-26T08:31:00Z
DOC0000000512,2025,8,UY01,Compañía Modelo Uruguay,PC300,Exportación,C000426,MAT00025,48828.72,34156.17,UYU,2026-05-27T08:32:00Z
DOC0000000513,2025,9,AR01,Compañía Modelo Argentina,PC200,Canal Mayorista,C000227,MAT00067,52981.00,38167.10,ARS,2026-05-28T08:33:00Z
DOC0000000514,2025,10,AR01,Compañía Modelo Argentina,PC100,Consumo Masivo,C000471,MAT00033,38822.16,31076.74,ARS,2026-05-29T08:34:00Z
DOC0000000515,2025,11,AR01,Compañía Modelo Argentina,PC300,Exportación,C000225,MAT00077,66920.77,46262.70,ARS,2026-05-30T08:35:00Z
DOC0000000516,2025,12,UY01,Compañía Modelo Uruguay,PC100,Consumo Masivo,C000435,MAT00101,30888.08,18378.64,UYU,2026-05-31T08:36:00Z
DOC0000000517,2025,1,UY01,Compañía Modelo Uruguay,PC300,Exportación,C000481,MAT00109,42212.88,31098.41,UYU,2026-06-01T08:37:00Z
DOC0000000518,2025,2,UY01,Compañía Modelo Uruguay,PC200,Canal Mayorista,C000481,MAT00094,60939.82,44093.25,UYU,2026-06-02T08:38:00Z
DOC0000000519,2025,3,UY01,Compañía Modelo Uruguay,PC300,Exportación,C000385,MAT00063,16950.74,11671.68,UYU,2026-06-03T08:39:00Z
DOC0000000520,2025,4,UY01,Compañía Modelo Uruguay,PC100,Consumo Masivo,C000457,MAT00046,51973.51,34182.69,UYU,2026-06-04T08:40:00Z
DOC0000000521,2025,5,AR01,Compañía Modelo Argentina,PC300,Exportación,C000281,MAT00099,39315.80,27415.67,ARS,2026-06-05T08:41:00Z
DOC0000000522,2025,6,UY01,Compañía Modelo Uruguay,PC100,Consumo Masivo,C000089,MAT00008,63475.21,45086.95,UYU,2026-06-06T08:42:00Z
DOC0000000523,2025,7,AR01,Compañía Modelo Argentina,PC100,Consumo Masivo,C000484,MAT00019,23239.49,15344.42,ARS,2026-06-07T08:43:00Z
DOC0000000524,2025,8,UY01,Compañía Modelo Uruguay,PC100,Consumo Masivo,C000143,MAT00094,46580.96,40390.44,UYU,2026-06-08T08:44:00Z
DOC0000000525,2025,9,UY01,Compañía Modelo Uruguay,PC300,Exportación,C000109,MAT00029,25392.42,20884.51,UYU,2026-06-09T08:45:00Z
DOC0000000526,2025,10,AR01,Compañía Modelo Argentina,PC200,Canal Mayorista,C000408,MAT00097,6600.20,4290.41,ARS,2026-06-10T08:46:00Z
DOC0000000527,2025,11,AR01,Compañía Modelo Argentina,PC100,Consumo Masivo,C000387,MAT00009,55125.37,35295.24,ARS,2026-06-11T08:47:00Z
DOC0000000528,2025,12,AR01,Compañía Modelo Argentina,PC300,Exportación,C000076,MAT00103,46660.55,34065.13,ARS,2026-06-12T08:48:00Z
DOC0000000529,2025,1,AR01,Compañía Modelo Argentina,PC200,Canal Mayorista,C000176,MAT00102,15650.35,10477.75,ARS,2026-06-13T08:49:00Z
DOC0000000530,2025,2,AR01,Compañía Modelo Argentina,PC100,Consumo Masivo,C000370,MAT00049,16073.05,11689.59,ARS,2026-06-14T08:50:00Z
DOC0000000531,2025,3,UY01,Compañía Modelo Uruguay,PC100,Consumo Masivo,C000467,MAT00074,64485.13,51195.98,UYU,2026-06-15T08:51:00Z
DOC0000000532,2025,4,AR01,Compañía Modelo Argentina,PC100,Consumo Masivo,C000406,MAT00016,72377.27,51764.20,ARS,2026-06-16T08:52:00Z
DOC0000000533,2025,5,AR01,Compañía Modelo Argentina,PC200,Canal Mayorista,C000479,MAT00029,8778.14,6663.52,ARS,2026-06-17T08:53:00Z
DOC0000000534,2025,6,AR01,Compañía Modelo Argentina,PC300,Exportación,C000122,MAT00029,54721.45,35298.45,ARS,2026-06-18T08:54:00Z
DOC0000000535,2025,7,AR01,Compañía Modelo Argentina,PC300,Exportación,C000213,MAT00087,71547.66,43008.44,ARS,2026-06-19T08:55:00Z
DOC0000000536,2025,8,AR01,Compañía Modelo Argentina,PC300,Exportación,C000491,MAT00007,6572.27,5661.13,ARS,2026-06-20T08:56:00Z
DOC0000000537,2025,9,AR01,Compañía Modelo Argentina,PC200,Canal Mayorista,C000126,MAT00120,65218.34,52166.48,ARS,2026-06-21T08:57:00Z
DOC0000000538,2025,10,AR01,Compañía Modelo Argentina,PC200,Canal Mayorista,C000140,MAT00035,57951.16,40931.61,ARS,2026-06-22T08:58:00Z
DOC0000000539,2025,11,AR01,Compañía Modelo Argentina,PC100,Consumo Masivo,C000242,MAT00053,42688.23,28072.82,ARS,2026-06-23T08:59:00Z
DOC0000000540,2025,12,UY01,Compañía Modelo Uruguay,PC300,Exportación,C000467,MAT00103,7780.74,6515.17,UYU,2026-06-24T09:00:00Z
DOC0000000541,2025,1,AR01,Compañía Modelo Argentina,PC200,Canal Mayorista,C000055,MAT00022,26969.87,20829.69,ARS,2026-06-25T09:01:00Z
DOC0000000542,2025,2,AR01,Compañía Modelo Argentina,PC100,Consumo Masivo,C000013,MAT00048,6600.59,3940.03,ARS,2026-06-26T09:02:00Z
DOC0000000543,2025,3,UY01,Compañía Modelo Uruguay,PC300,Exportación,C000454,MAT00081,40104.96,30740.49,UYU,2026-06-27T09:03:00Z
DOC0000000544,2025,4,AR01,Compañía Modelo Argentina,PC100,Consumo Masivo,C000293,MAT00047,32421.28,27158.93,ARS,2026-06-28T09:04:00Z
DOC0000000545,2025,5,AR01,Compañía Modelo Argentina,PC200,Canal Mayorista,C000012,MAT00088,60664.75,48103.55,ARS,2026-06-29T09:05:00Z
DOC0000000546,2025,6,UY01,Compañía Modelo Uruguay,PC100,Consumo Masivo,C000170,MAT00064,38498.93,24029.37,UYU,2026-06-30T09:06:00Z
DOC0000000547,2025,7,UY01,Compañía Modelo Uruguay,PC200,Canal Mayorista,C000144,MAT00018,13353.61,9675.31,UYU,2026-07-01T09:07:00Z
DOC0000000548,2025,8,UY01,Compañía Modelo Uruguay,PC300,Exportación,C000409,MAT00085,49884.67,30642.74,UYU,2026-07-02T09:08:00Z
DOC0000000549,2025,9,AR01,Compañía Modelo Argentina,PC100,Consumo Masivo,C000475,MAT00064,61415.71,46806.84,ARS,2026-07-03T09:09:00Z
DOC0000000550,2025,10,UY01,Compañía Modelo Uruguay,PC200,Canal Mayorista,C000494,MAT00029,35583.35,31126.94,UYU,2026-07-04T09:10:00Z
DOC0000000551,2025,11,UY01,Compañía Modelo Uruguay,PC100,Consumo Masivo,C000400,MAT00090,62836.42,53135.25,UYU,2026-07-05T09:11:00Z
DOC0000000552,2025,12,AR01,Compañía Modelo Argentina,PC100,Consumo Masivo,C000117,MAT00101,7535.07,6331.24,ARS,2026-07-06T09:12:00Z
DOC0000000553,2025,1,AR01,Compañía Modelo Argentina,PC300,Exportación,C000287,MAT00035,12546.65,8218.48,ARS,2026-07-07T09:13:00Z
DOC0000000554,2025,2,UY01,Compañía Modelo Uruguay,PC100,Consumo Masivo,C000088,MAT00106,5683.57,3468.08,UYU,2026-07-08T09:14:00Z
DOC0000000555,2025,3,AR01,Compañía Modelo Argentina,PC200,Canal Mayorista,C000203,MAT00092,21603.91,15011.30,ARS,2026-07-09T09:15:00Z
DOC0000000556,2025,4,UY01,Compañía Modelo Uruguay,PC200,Canal Mayorista,C000252,MAT00098,8435.46,5205.99,UYU,2026-07-10T09:16:00Z
DOC0000000557,2025,5,UY01,Compañía Modelo Uruguay,PC300,Exportación,C000356,MAT00063,10467.28,7728.18,UYU,2026-07-11T09:17:00Z
DOC0000000558,2025,6,AR01,Compañía Modelo Argentina,PC200,Canal Mayorista,C000197,MAT00037,32319.66,22620.26,ARS,2026-07-12T09:18:00Z
DOC0000000559,2025,7,AR01,Compañía Modelo Argentina,PC100,Consumo Masivo,C000490,MAT00038,38031.08,30129.37,ARS,2026-07-13T09:19:00Z
DOC0000000560,2025,8,UY01,Compañía Modelo Uruguay,PC200,Canal Mayorista,C000284,MAT00022,60610.81,49784.46,UYU,2026-07-14T09:20:00Z
DOC0000000561,2025,9,AR01,Compañía Modelo Argentina,PC300,Exportación,C000446,MAT00055,24475.63,14796.72,ARS,2026-07-15T09:21:00Z
DOC0000000562,2025,10,UY01,Compañía Modelo Uruguay,PC100,Consumo Masivo,C000414,MAT00065,11811.94,10341.37,UYU,2026-07-16T09:22:00Z
DOC0000000563,2025,11,UY01,Compañía Modelo Uruguay,PC100,Consumo Masivo,C000135,MAT00005,26314.67,20168.56,UYU,2026-07-17T09:23:00Z
DOC0000000564,2025,12,UY01,Compañía Modelo Uruguay,PC300,Exportación,C000222,MAT00019,51739.48,31814.36,UYU,2026-07-18T09:24:00Z
DOC0000000565,2025,1,UY01,Compañía Modelo Uruguay,PC200,Canal Mayorista,C000137,MAT00049,43586.89,36432.92,UYU,2026-07-19T09:25:00Z
DOC0000000566,2025,2,UY01,Compañía Modelo Uruguay,PC100,Consumo Masivo,C000314,MAT00031,13229.95,9844.70,UYU,2026-07-20T09:26:00Z
DOC0000000567,2025,3,UY01,Compañía Modelo Uruguay,PC100,Consumo Masivo,C000351,MAT00008,5176.51,4141.32,UYU,2026-07-21T09:27:00Z
DOC0000000568,2025,4,UY01,Compañía Modelo Uruguay,PC200,Canal Mayorista,C000126,MAT00059,17398.86,11331.13,UYU,2026-07-22T09:28:00Z
DOC0000000569,2025,5,UY01,Compañía Modelo Uruguay,PC200,Canal Mayorista,C000393,MAT00090,47220.15,34180.81,UYU,2026-07-23T09:29:00Z
DOC0000000570,2025,6,UY01,Compañía Modelo Uruguay,PC300,Exportación,C000322,MAT00087,17493.19,12164.43,UYU,2026-07-24T09:30:00Z
DOC0000000571,2025,7,UY01,Compañía Modelo Uruguay,PC200,Canal Mayorista,C000425,MAT00041,21690.70,13579.86,UYU,2026-07-25T09:31:00Z
DOC0000000572,2025,8,AR01,Compañía Modelo Argentina,PC300,Exportación,C000220,MAT00077,37765.02,28136.64,ARS,2026-07-26T09:32:00Z
DOC0000000573,2025,9,UY01,Compañía Modelo Uruguay,PC300,Exportación,C000395,MAT00061,10367.50,8258.30,UYU,2026-07-27T09:33:00Z
DOC0000000574,2025,10,AR01,Compañía Modelo Argentina,PC100,Consumo Masivo,C000415,MAT00034,18566.84,14013.37,ARS,2026-07-28T09:34:00Z
DOC0000000575,2025,11,AR01,Compañía Modelo Argentina,PC100,Consumo Masivo,C000462,MAT00069,36434.31,28880.44,ARS,2026-07-29T09:35:00Z
DOC0000000576,2025,12,AR01,Compañía Modelo Argentina,PC100,Consumo Masivo,C000464,MAT00090,29974.72,25615.20,ARS,2026-07-30T09:36:00Z
DOC0000000577,2025,1,AR01,Compañía Modelo Argentina,PC200,Canal Mayorista,C000391,MAT00077,30324.24,21019.44,ARS,2026-07-31T09:37:00Z
DOC0000000578,2025,2,AR01,Compañía Modelo Argentina,PC100,Consumo Masivo,C000162,MAT00063,38805.23,25886.71,ARS,2026-08-01T09:38:00Z
DOC0000000579,2025,3,AR01,Compañía Modelo Argentina,PC100,Consumo Masivo,C000348,MAT00058,24465.96,14202.16,ARS,2026-08-02T09:39:00Z
DOC0000000580,2025,4,UY01,Compañía Modelo Uruguay,PC100,Consumo Masivo,C000216,MAT00063,41289.22,26424.54,UYU,2026-08-03T09:40:00Z
DOC0000000581,2025,5,AR01,Compañía Modelo Argentina,PC300,Exportación,C000470,MAT00035,9668.90,7620.48,ARS,2026-08-04T09:41:00Z
DOC0000000582,2025,6,AR01,Compañía Modelo Argentina,PC200,Canal Mayorista,C000365,MAT00072,15415.30,10509.15,ARS,2026-08-05T09:42:00Z
DOC0000000583,2025,7,AR01,Compañía Modelo Argentina,PC200,Canal Mayorista,C000328,MAT00063,39419.76,26710.41,ARS,2026-08-06T09:43:00Z
DOC0000000584,2025,8,UY01,Compañía Modelo Uruguay,PC300,Exportación,C000062,MAT00056,69413.21,49704.94,UYU,2026-08-07T09:44:00Z
DOC0000000585,2025,9,UY01,Compañía Modelo Uruguay,PC200,Canal Mayorista,C000452,MAT00112,46998.46,39679.59,UYU,2026-08-08T09:45:00Z
DOC0000000586,2025,10,AR01,Compañía Modelo Argentina,PC300,Exportación,C000414,MAT00089,33015.99,24490.23,ARS,2026-08-09T09:46:00Z
DOC0000000587,2025,11,UY01,Compañía Modelo Uruguay,PC100,Consumo Masivo,C000461,MAT00111,2387.38,2045.48,UYU,2026-08-10T09:47:00Z
DOC0000000588,2025,12,AR01,Compañía Modelo Argentina,PC200,Canal Mayorista,C000248,MAT00091,44679.48,26959.85,ARS,2026-08-11T09:48:00Z
DOC0000000589,2025,1,AR01,Compañía Modelo Argentina,PC100,Consumo Masivo,C000412,MAT00057,26057.68,18394.35,ARS,2026-08-12T09:49:00Z
DOC0000000590,2025,2,UY01,Compañía Modelo Uruguay,PC200,Canal Mayorista,C000171,MAT00054,67055.36,42945.98,UYU,2026-08-13T09:50:00Z
DOC0000000591,2025,3,UY01,Compañía Modelo Uruguay,PC100,Consumo Masivo,C000046,MAT00101,31558.65,27669.56,UYU,2026-08-14T09:51:00Z
DOC0000000592,2025,4,UY01,Compañía Modelo Uruguay,PC100,Consumo Masivo,C000411,MAT00118,63989.41,46439.55,UYU,2026-08-15T09:52:00Z
DOC0000000593,2025,5,UY01,Compañía Modelo Uruguay,PC300,Exportación,C000213,MAT00049,70865.28,45555.59,UYU,2026-08-16T09:53:00Z
DOC0000000594,2025,6,UY01,Compañía Modelo Uruguay,PC300,Exportación,C000154,MAT00003,38162.52,23524.04,UYU,2026-08-17T09:54:00Z
DOC0000000595,2025,7,AR01,Compañía Modelo Argentina,PC200,Canal Mayorista,C000045,MAT00014,54713.99,41989.81,ARS,2026-08-18T09:55:00Z
DOC0000000596,2025,8,AR01,Compañía Modelo Argentina,PC200,Canal Mayorista,C000283,MAT00089,21376.91,15800.06,ARS,2026-08-19T09:56:00Z
DOC0000000597,2025,9,UY01,Compañía Modelo Uruguay,PC300,Exportación,C000122,MAT00076,55476.47,42353.35,UYU,2026-08-20T09:57:00Z
DOC0000000598,2025,10,AR01,Compañía Modelo Argentina,PC300,Exportación,C000069,MAT00007,36854.58,29157.70,ARS,2026-08-21T09:58:00Z
DOC0000000599,2025,11,AR01,Compañía Modelo Argentina,PC100,Consumo Masivo,C000007,MAT00053,40749.04,25707.67,ARS,2026-08-22T09:59:00Z
DOC0000000600,2025,12,UY01,Compañía Modelo Uruguay,PC200,Canal Mayorista,C000309,MAT00004,36985.59,27096.96,UYU,2026-08-23T10:00:00Z
DOC0000000601,2025,1,UY01,Compañía Modelo Uruguay,PC300,Exportación,C000282,MAT00047,69946.38,58352.49,UYU,2026-08-24T10:01:00Z
DOC0000000602,2025,2,UY01,Compañía Modelo Uruguay,PC100,Consumo Masivo,C000388,MAT00006,12375.44,10491.65,UYU,2026-08-25T10:02:00Z
DOC0000000603,2025,3,UY01,Compañía Modelo Uruguay,PC100,Consumo Masivo,C000357,MAT00106,42897.99,31571.25,UYU,2026-08-26T10:03:00Z
DOC0000000604,2025,4,UY01,Compañía Modelo Uruguay,PC200,Canal Mayorista,C000372,MAT00118,49237.75,28710.16,UYU,2026-08-27T10:04:00Z
DOC0000000605,2025,5,UY01,Compañía Modelo Uruguay,PC200,Canal Mayorista,C000466,MAT00040,14494.79,10797.09,UYU,2026-08-28T10:05:00Z
DOC0000000606,2025,6,UY01,Compañía Modelo Uruguay,PC300,Exportación,C000321,MAT00108,14403.11,12573.55,UYU,2026-08-29T10:06:00Z
DOC0000000607,2025,7,UY01,Compañía Modelo Uruguay,PC300,Exportación,C000174,MAT00034,32848.37,20319.93,UYU,2026-08-30T10:07:00Z
DOC0000000608,2025,8,AR01,Compañía Modelo Argentina,PC200,Canal Mayorista,C000063,MAT00103,64969.64,44971.44,ARS,2026-08-31T10:08:00Z
DOC0000000609,2025,9,AR01,Compañía Modelo Argentina,PC100,Consumo Masivo,C000152,MAT00113,65359.52,56087.68,ARS,2026-09-01T10:09:00Z
DOC0000000610,2025,10,UY01,Compañía Modelo Uruguay,PC200,Canal Mayorista,C000190,MAT00050,50366.45,38588.95,UYU,2026-09-02T10:10:00Z
DOC0000000611,2025,11,AR01,Compañía Modelo Argentina,PC200,Canal Mayorista,C000445,MAT00017,70942.97,59197.25,ARS,2026-09-03T10:11:00Z
DOC0000000612,2025,12,AR01,Compañía Modelo Argentina,PC300,Exportación,C000317,MAT00010,58948.64,38504.95,ARS,2026-09-04T10:12:00Z
DOC0000000613,2025,1,AR01,Compañía Modelo Argentina,PC200,Canal Mayorista,C000418,MAT00055,11884.13,8360.66,ARS,2026-09-05T10:13:00Z
DOC0000000614,2025,2,UY01,Compañía Modelo Uruguay,PC100,Consumo Masivo,C000012,MAT00089,52674.76,32529.97,UYU,2026-09-06T10:14:00Z
DOC0000000615,2025,3,AR01,Compañía Modelo Argentina,PC300,Exportación,C000023,MAT00018,18895.72,14763.47,ARS,2026-09-07T10:15:00Z
DOC0000000616,2025,4,AR01,Compañía Modelo Argentina,PC300,Exportación,C000479,MAT00036,15279.11,13367.09,ARS,2026-09-08T10:16:00Z
DOC0000000617,2025,5,AR01,Compañía Modelo Argentina,PC300,Exportación,C000275,MAT00050,71689.41,56027.07,ARS,2026-09-09T10:17:00Z
DOC0000000618,2025,6,AR01,Compañía Modelo Argentina,PC200,Canal Mayorista,C000350,MAT00083,19981.12,13924.53,ARS,2026-09-10T10:18:00Z
DOC0000000619,2025,7,AR01,Compañía Modelo Argentina,PC100,Consumo Masivo,C000106,MAT00044,69892.04,50252.62,ARS,2026-09-11T10:19:00Z
DOC0000000620,2025,8,UY01,Compañía Modelo Uruguay,PC300,Exportación,C000498,MAT00075,34980.16,27238.72,UYU,2026-09-12T10:20:00Z
DOC0000000621,2025,9,UY01,Compañía Modelo Uruguay,PC200,Canal Mayorista,C000019,MAT00016,65787.83,51718.48,UYU,2026-09-13T10:21:00Z
DOC0000000622,2025,10,AR01,Compañía Modelo Argentina,PC100,Consumo Masivo,C000249,MAT00047,74024.32,64038.95,ARS,2026-09-14T10:22:00Z
DOC0000000623,2025,11,AR01,Compañía Modelo Argentina,PC200,Canal Mayorista,C000277,MAT00087,19502.08,15556.22,ARS,2026-09-15T10:23:00Z
DOC0000000624,2025,12,UY01,Compañía Modelo Uruguay,PC300,Exportación,C000063,MAT00104,5204.23,4236.48,UYU,2026-09-16T10:24:00Z
DOC0000000625,2025,1,UY01,Compañía Modelo Uruguay,PC300,Exportación,C000370,MAT00103,33576.19,20380.44,UYU,2026-09-17T10:25:00Z
DOC0000000626,2025,2,AR01,Compañía Modelo Argentina,PC300,Exportación,C000069,MAT00081,70840.79,56492.03,ARS,2026-09-18T10:26:00Z
DOC0000000627,2025,3,UY01,Compañía Modelo Uruguay,PC200,Canal Mayorista,C000051,MAT00118,68555.24,53829.03,UYU,2026-09-19T10:27:00Z
DOC0000000628,2025,4,AR01,Compañía Modelo Argentina,PC200,Canal Mayorista,C000440,MAT00061,12115.78,8383.60,ARS,2026-09-20T10:28:00Z
DOC0000000629,2025,5,AR01,Compañía Modelo Argentina,PC100,Consumo Masivo,C000181,MAT00007,8368.26,5419.44,ARS,2026-09-21T10:29:00Z
DOC0000000630,2025,6,AR01,Compañía Modelo Argentina,PC300,Exportación,C000080,MAT00045,59067.57,46296.36,ARS,2026-09-22T10:30:00Z
DOC0000000631,2025,7,UY01,Compañía Modelo Uruguay,PC300,Exportación,C000237,MAT00074,19865.54,16513.14,UYU,2026-09-23T10:31:00Z
DOC0000000632,2025,8,UY01,Compañía Modelo Uruguay,PC200,Canal Mayorista,C000440,MAT00075,73589.12,52581.86,UYU,2026-09-24T10:32:00Z
DOC0000000633,2025,9,UY01,Compañía Modelo Uruguay,PC300,Exportación,C000386,MAT00031,31442.02,20349.59,UYU,2026-09-25T10:33:00Z
DOC0000000634,2025,10,UY01,Compañía Modelo Uruguay,PC100,Consumo Masivo,C000372,MAT00119,6273.37,3825.13,UYU,2026-09-26T10:34:00Z
DOC0000000635,2025,11,AR01,Compañía Modelo Argentina,PC200,Canal Mayorista,C000433,MAT00085,16996.31,12031.64,ARS,2026-09-27T10:35:00Z
DOC0000000636,2025,12,UY01,Compañía Modelo Uruguay,PC100,Consumo Masivo,C000423,MAT00070,18822.78,13491.47,UYU,2026-09-28T10:36:00Z
DOC0000000637,2025,1,AR01,Compañía Modelo Argentina,PC200,Canal Mayorista,C000377,MAT00004,9700.78,6531.29,ARS,2026-09-29T10:37:00Z
DOC0000000638,2025,2,AR01,Compañía Modelo Argentina,PC100,Consumo Masivo,C000148,MAT00063,7969.71,4701.58,ARS,2026-09-30T10:38:00Z
DOC0000000639,2025,3,AR01,Compañía Modelo Argentina,PC300,Exportación,C000033,MAT00051,29145.91,19756.28,ARS,2026-10-01T10:39:00Z
DOC0000000640,2025,4,UY01,Compañía Modelo Uruguay,PC200,Canal Mayorista,C000051,MAT00055,66712.03,41298.52,UYU,2026-10-02T10:40:00Z
DOC0000000641,2025,5,UY01,Compañía Modelo Uruguay,PC200,Canal Mayorista,C000319,MAT00023,47299.61,38262.97,UYU,2026-10-03T10:41:00Z
DOC0000000642,2025,6,UY01,Compañía Modelo Uruguay,PC300,Exportación,C000201,MAT00014,30162.84,25794.60,UYU,2026-10-04T10:42:00Z
DOC0000000643,2025,7,AR01,Compañía Modelo Argentina,PC200,Canal Mayorista,C000239,MAT00028,6510.18,4180.03,ARS,2026-10-05T10:43:00Z
DOC0000000644,2025,8,AR01,Compañía Modelo Argentina,PC200,Canal Mayorista,C000231,MAT00024,27884.05,19746.18,ARS,2026-10-06T10:44:00Z
DOC0000000645,2025,9,UY01,Compañía Modelo Uruguay,PC300,Exportación,C000055,MAT00035,33993.34,26204.64,UYU,2026-10-07T10:45:00Z
DOC0000000646,2025,10,UY01,Compañía Modelo Uruguay,PC200,Canal Mayorista,C000140,MAT00120,29568.99,25041.50,UYU,2026-10-08T10:46:00Z
DOC0000000647,2025,11,UY01,Compañía Modelo Uruguay,PC100,Consumo Masivo,C000072,MAT00052,6925.26,5580.84,UYU,2026-10-09T10:47:00Z
DOC0000000648,2025,12,AR01,Compañía Modelo Argentina,PC100,Consumo Masivo,C000360,MAT00025,26123.95,15222.45,ARS,2026-10-10T10:48:00Z
DOC0000000649,2025,1,AR01,Compañía Modelo Argentina,PC200,Canal Mayorista,C000349,MAT00095,42263.11,24723.97,ARS,2026-10-11T10:49:00Z
DOC0000000650,2025,2,AR01,Compañía Modelo Argentina,PC300,Exportación,C000086,MAT00032,9792.64,8555.34,ARS,2026-10-12T10:50:00Z
DOC0000000651,2025,3,UY01,Compañía Modelo Uruguay,PC300,Exportación,C000488,MAT00034,60670.85,42751.82,UYU,2026-10-13T10:51:00Z
DOC0000000652,2025,4,AR01,Compañía Modelo Argentina,PC200,Canal Mayorista,C000231,MAT00080,62181.09,44203.74,ARS,2026-10-14T10:52:00Z
DOC0000000653,2025,5,AR01,Compañía Modelo Argentina,PC100,Consumo Masivo,C000005,MAT00090,24916.75,18466.61,ARS,2026-10-15T10:53:00Z
DOC0000000654,2025,6,AR01,Compañía Modelo Argentina,PC100,Consumo Masivo,C000213,MAT00055,50099.66,43600.90,ARS,2026-10-16T10:54:00Z
DOC0000000655,2025,7,UY01,Compañía Modelo Uruguay,PC100,Consumo Masivo,C000436,MAT00080,72606.39,62090.28,UYU,2026-10-17T10:55:00Z
DOC0000000656,2025,8,UY01,Compañía Modelo Uruguay,PC200,Canal Mayorista,C000401,MAT00109,20115.36,16567.22,UYU,2026-10-18T10:56:00Z
DOC0000000657,2025,9,AR01,Compañía Modelo Argentina,PC100,Consumo Masivo,C000324,MAT00080,39083.37,23010.29,ARS,2026-10-19T10:57:00Z
DOC0000000658,2025,10,AR01,Compañía Modelo Argentina,PC300,Exportación,C000205,MAT00015,47626.26,29140.54,ARS,2026-10-20T10:58:00Z
DOC0000000659,2025,11,UY01,Compañía Modelo Uruguay,PC100,Consumo Masivo,C000110,MAT00115,19717.55,11950.86,UYU,2026-10-21T10:59:00Z
DOC0000000660,2025,12,UY01,Compañía Modelo Uruguay,PC100,Consumo Masivo,C000320,MAT00031,22255.32,13542.87,UYU,2026-10-22T11:00:00Z
DOC0000000661,2025,1,AR01,Compañía Modelo Argentina,PC100,Consumo Masivo,C000120,MAT00066,23845.91,20684.14,ARS,2026-10-23T11:01:00Z
DOC0000000662,2025,2,UY01,Compañía Modelo Uruguay,PC200,Canal Mayorista,C000024,MAT00110,67729.93,47003.66,UYU,2026-10-24T11:02:00Z
DOC0000000663,2025,3,UY01,Compañía Modelo Uruguay,PC200,Canal Mayorista,C000176,MAT00090,59134.27,48068.84,UYU,2026-10-25T11:03:00Z
DOC0000000664,2025,4,UY01,Compañía Modelo Uruguay,PC300,Exportación,C000257,MAT00039,63823.74,47399.40,UYU,2026-10-26T11:04:00Z
DOC0000000665,2025,5,UY01,Compañía Modelo Uruguay,PC200,Canal Mayorista,C000390,MAT00030,28450.13,19445.30,UYU,2026-10-27T11:05:00Z
DOC0000000666,2025,6,AR01,Compañía Modelo Argentina,PC200,Canal Mayorista,C000185,MAT00068,18857.54,15210.45,ARS,2026-10-28T11:06:00Z
DOC0000000667,2025,7,UY01,Compañía Modelo Uruguay,PC100,Consumo Masivo,C000169,MAT00111,65634.58,45148.54,UYU,2026-10-29T11:07:00Z
DOC0000000668,2025,8,AR01,Compañía Modelo Argentina,PC300,Exportación,C000354,MAT00063,31387.78,25271.01,ARS,2026-10-30T11:08:00Z
DOC0000000669,2025,9,AR01,Compañía Modelo Argentina,PC100,Consumo Masivo,C000037,MAT00109,18833.65,14263.07,ARS,2026-10-31T11:09:00Z
DOC0000000670,2025,10,UY01,Compañía Modelo Uruguay,PC300,Exportación,C000473,MAT00116,54266.80,43469.55,UYU,2026-11-01T11:10:00Z
DOC0000000671,2025,11,AR01,Compañía Modelo Argentina,PC300,Exportación,C000086,MAT00025,73689.01,63263.36,ARS,2026-11-02T11:11:00Z
DOC0000000672,2025,12,UY01,Compañía Modelo Uruguay,PC200,Canal Mayorista,C000284,MAT00094,62151.13,54576.09,UYU,2026-11-03T11:12:00Z
DOC0000000673,2025,1,UY01,Compañía Modelo Uruguay,PC300,Exportación,C000122,MAT00053,28262.08,20913.85,UYU,2026-11-04T11:13:00Z
DOC0000000674,2025,2,AR01,Compañía Modelo Argentina,PC200,Canal Mayorista,C000096,MAT00038,54210.30,46459.86,ARS,2026-11-05T11:14:00Z
DOC0000000675,2025,3,UY01,Compañía Modelo Uruguay,PC200,Canal Mayorista,C000419,MAT00049,29510.05,22131.14,UYU,2026-11-06T11:15:00Z
DOC0000000676,2025,4,AR01,Compañía Modelo Argentina,PC100,Consumo Masivo,C000163,MAT00032,48235.09,36699.55,ARS,2026-11-07T11:16:00Z
DOC0000000677,2025,5,UY01,Compañía Modelo Uruguay,PC300,Exportación,C000211,MAT00017,42081.23,27969.31,UYU,2026-11-08T11:17:00Z
DOC0000000678,2025,6,AR01,Compañía Modelo Argentina,PC300,Exportación,C000460,MAT00017,72471.27,62729.15,ARS,2026-11-09T11:18:00Z
DOC0000000679,2025,7,UY01,Compañía Modelo Uruguay,PC200,Canal Mayorista,C000201,MAT00022,46943.35,39760.56,UYU,2026-11-10T11:19:00Z
DOC0000000680,2025,8,UY01,Compañía Modelo Uruguay,PC100,Consumo Masivo,C000001,MAT00118,40397.06,29963.17,UYU,2026-11-11T11:20:00Z
DOC0000000681,2025,9,UY01,Compañía Modelo Uruguay,PC100,Consumo Masivo,C000118,MAT00003,32313.66,20609.27,UYU,2026-11-12T11:21:00Z
DOC0000000682,2025,10,UY01,Compañía Modelo Uruguay,PC100,Consumo Masivo,C000209,MAT00072,41436.92,24039.75,UYU,2026-11-13T11:22:00Z
DOC0000000683,2025,11,AR01,Compañía Modelo Argentina,PC300,Exportación,C000160,MAT00094,53887.77,39073.76,ARS,2026-11-14T11:23:00Z
DOC0000000684,2025,12,UY01,Compañía Modelo Uruguay,PC100,Consumo Masivo,C000471,MAT00115,48585.87,28814.65,UYU,2026-11-15T11:24:00Z
DOC0000000685,2025,1,AR01,Compañía Modelo Argentina,PC100,Consumo Masivo,C000253,MAT00054,11022.86,6780.07,ARS,2026-11-16T11:25:00Z
DOC0000000686,2025,2,UY01,Compañía Modelo Uruguay,PC200,Canal Mayorista,C000137,MAT00043,46484.36,39741.73,UYU,2026-11-17T11:26:00Z
DOC0000000687,2025,3,UY01,Compañía Modelo Uruguay,PC200,Canal Mayorista,C000363,MAT00101,11634.31,9075.04,UYU,2026-11-18T11:27:00Z
DOC0000000688,2025,4,AR01,Compañía Modelo Argentina,PC100,Consumo Masivo,C000167,MAT00079,41036.87,34020.12,ARS,2026-11-19T11:28:00Z
DOC0000000689,2025,5,AR01,Compañía Modelo Argentina,PC200,Canal Mayorista,C000452,MAT00067,9285.30,6151.28,ARS,2026-11-20T11:29:00Z
DOC0000000690,2025,6,UY01,Compañía Modelo Uruguay,PC300,Exportación,C000240,MAT00086,29738.12,25905.10,UYU,2026-11-21T11:30:00Z
DOC0000000691,2025,7,UY01,Compañía Modelo Uruguay,PC200,Canal Mayorista,C000037,MAT00047,16750.28,14226.65,UYU,2026-11-22T11:31:00Z
DOC0000000692,2025,8,AR01,Compañía Modelo Argentina,PC300,Exportación,C000095,MAT00040,73581.66,51473.89,ARS,2026-11-23T11:32:00Z
DOC0000000693,2025,9,UY01,Compañía Modelo Uruguay,PC100,Consumo Masivo,C000492,MAT00084,26527.96,15404.94,UYU,2026-11-24T11:33:00Z
DOC0000000694,2025,10,UY01,Compañía Modelo Uruguay,PC100,Consumo Masivo,C000081,MAT00002,38950.73,29586.49,UYU,2026-11-25T11:34:00Z
DOC0000000695,2025,11,AR01,Compañía Modelo Argentina,PC300,Exportación,C000338,MAT00008,7333.72,4294.18,ARS,2026-11-26T11:35:00Z
DOC0000000696,2025,12,UY01,Compañía Modelo Uruguay,PC200,Canal Mayorista,C000456,MAT00060,5024.27,3171.93,UYU,2026-11-27T11:36:00Z
DOC0000000697,2025,1,AR01,Compañía Modelo Argentina,PC200,Canal Mayorista,C000170,MAT00103,1679.59,1342.58,ARS,2026-11-28T11:37:00Z
DOC0000000698,2025,2,UY01,Compañía Modelo Uruguay,PC100,Consumo Masivo,C000328,MAT00019,42497.07,32312.23,UYU,2026-11-29T11:38:00Z
DOC0000000699,2025,3,AR01,Compañía Modelo Argentina,PC200,Canal Mayorista,C000077,MAT00024,4933.01,3190.79,ARS,2026-11-30T11:39:00Z
DOC0000000700,2025,4,UY01,Compañía Modelo Uruguay,PC200,Canal Mayorista,C000136,MAT00093,14434.69,12099.64,UYU,2026-12-01T11:40:00Z
DOC0000000701,2025,5,UY01,Compañía Modelo Uruguay,PC100,Consumo Masivo,C000370,MAT00113,32636.67,21722.77,UYU,2026-12-02T11:41:00Z
DOC0000000702,2025,6,UY01,Compañía Modelo Uruguay,PC200,Canal Mayorista,C000150,MAT00092,13889.44,10964.37,UYU,2026-12-03T11:42:00Z
DOC0000000703,2025,7,AR01,Compañía Modelo Argentina,PC300,Exportación,C000035,MAT00057,63736.52,39375.39,ARS,2026-12-04T11:43:00Z
DOC0000000704,2025,8,AR01,Compañía Modelo Argentina,PC200,Canal Mayorista,C000086,MAT00030,56738.69,37715.20,ARS,2026-12-05T11:44:00Z
DOC0000000705,2025,9,UY01,Compañía Modelo Uruguay,PC300,Exportación,C000161,MAT00118,27662.97,16950.46,UYU,2026-12-06T11:45:00Z
DOC0000000706,2025,10,UY01,Compañía Modelo Uruguay,PC300,Exportación,C000271,MAT00068,57760.01,46804.88,UYU,2026-12-07T11:46:00Z
DOC0000000707,2025,11,AR01,Compañía Modelo Argentina,PC200,Canal Mayorista,C000485,MAT00094,7026.20,4556.05,ARS,2026-12-08T11:47:00Z
DOC0000000708,2025,12,AR01,Compañía Modelo Argentina,PC100,Consumo Masivo,C000358,MAT00057,50105.45,33440.25,ARS,2026-12-09T11:48:00Z
DOC0000000709,2025,1,AR01,Compañía Modelo Argentina,PC100,Consumo Masivo,C000485,MAT00119,70129.38,57023.60,ARS,2026-12-10T11:49:00Z
DOC0000000710,2025,2,AR01,Compañía Modelo Argentina,PC200,Canal Mayorista,C000198,MAT00094,70412.29,40845.34,ARS,2026-12-11T11:50:00Z
DOC0000000711,2025,3,AR01,Compañía Modelo Argentina,PC200,Canal Mayorista,C000015,MAT00078,73845.83,48453.51,ARS,2026-12-12T11:51:00Z
DOC0000000712,2025,4,AR01,Compañía Modelo Argentina,PC200,Canal Mayorista,C000407,MAT00108,73702.25,48886.68,ARS,2026-12-13T11:52:00Z
DOC0000000713,2025,5,UY01,Compañía Modelo Uruguay,PC300,Exportación,C000133,MAT00097,14223.05,10909.36,UYU,2026-12-14T11:53:00Z
DOC0000000714,2025,6,UY01,Compañía Modelo Uruguay,PC200,Canal Mayorista,C000008,MAT00044,70773.80,58641.18,UYU,2026-12-15T11:54:00Z
DOC0000000715,2025,7,AR01,Compañía Modelo Argentina,PC100,Consumo Masivo,C000457,MAT00083,9004.72,5995.72,ARS,2026-12-16T11:55:00Z
DOC0000000716,2025,8,AR01,Compañía Modelo Argentina,PC300,Exportación,C000271,MAT00048,18515.53,14394.11,ARS,2026-12-17T11:56:00Z
DOC0000000717,2025,9,AR01,Compañía Modelo Argentina,PC300,Exportación,C000306,MAT00076,43640.57,30131.96,ARS,2026-12-18T11:57:00Z
DOC0000000718,2025,10,UY01,Compañía Modelo Uruguay,PC300,Exportación,C000156,MAT00029,23067.74,13701.08,UYU,2026-12-19T11:58:00Z
DOC0000000719,2025,11,AR01,Compañía Modelo Argentina,PC100,Consumo Masivo,C000489,MAT00001,64972.94,56485.48,ARS,2026-12-20T11:59:00Z
DOC0000000720,2025,12,AR01,Compañía Modelo Argentina,PC300,Exportación,C000459,MAT00030,11028.75,8094.43,ARS,2026-12-21T12:00:00Z
DOC0000000721,2025,1,AR01,Compañía Modelo Argentina,PC200,Canal Mayorista,C000268,MAT00048,5390.13,4607.80,ARS,2026-12-22T12:01:00Z
DOC0000000722,2025,2,UY01,Compañía Modelo Uruguay,PC300,Exportación,C000463,MAT00072,29656.72,17409.28,UYU,2026-12-23T12:02:00Z
DOC0000000723,2025,3,UY01,Compañía Modelo Uruguay,PC200,Canal Mayorista,C000054,MAT00054,48713.94,31826.65,UYU,2026-12-24T12:03:00Z
DOC0000000724,2025,4,AR01,Compañía Modelo Argentina,PC200,Canal Mayorista,C000007,MAT00015,65975.15,56589.45,ARS,2026-12-25T12:04:00Z
DOC0000000725,2025,5,UY01,Compañía Modelo Uruguay,PC200,Canal Mayorista,C000334,MAT00050,22139.24,13600.58,UYU,2026-12-26T12:05:00Z
DOC0000000726,2025,6,UY01,Compañía Modelo Uruguay,PC200,Canal Mayorista,C000151,MAT00092,70743.59,61504.98,UYU,2026-12-27T12:06:00Z
DOC0000000727,2025,7,UY01,Compañía Modelo Uruguay,PC100,Consumo Masivo,C000294,MAT00038,8553.03,6776.13,UYU,2026-12-28T12:07:00Z
DOC0000000728,2025,8,AR01,Compañía Modelo Argentina,PC100,Consumo Masivo,C000090,MAT00021,7699.39,5978.95,ARS,2026-12-29T12:08:00Z
DOC0000000729,2025,9,UY01,Compañía Modelo Uruguay,PC100,Consumo Masivo,C000212,MAT00101,1098.04,942.31,UYU,2026-12-30T12:09:00Z
DOC0000000730,2025,10,AR01,Compañía Modelo Argentina,PC100,Consumo Masivo,C000465,MAT00052,48907.29,31197.45,ARS,2026-12-31T12:10:00Z
DOC0000000731,2025,11,UY01,Compañía Modelo Uruguay,PC300,Exportación,C000091,MAT00116,41919.11,28780.88,UYU,2027-01-01T12:11:00Z
DOC0000000732,2025,12,AR01,Compañía Modelo Argentina,PC300,Exportación,C000346,MAT00028,29969.36,24807.06,ARS,2027-01-02T12:12:00Z
DOC0000000733,2025,1,AR01,Compañía Modelo Argentina,PC300,Exportación,C000061,MAT00067,7724.45,6459.95,ARS,2027-01-03T12:13:00Z
DOC0000000734,2025,2,AR01,Compañía Modelo Argentina,PC300,Exportación,C000138,MAT00086,57110.14,48221.22,ARS,2027-01-04T12:14:00Z
DOC0000000735,2025,3,UY01,Compañía Modelo Uruguay,PC200,Canal Mayorista,C000426,MAT00033,65498.96,44108.62,UYU,2027-01-05T12:15:00Z
DOC0000000736,2025,4,AR01,Compañía Modelo Argentina,PC200,Canal Mayorista,C000236,MAT00067,49285.47,41280.46,ARS,2027-01-06T12:16:00Z
DOC0000000737,2025,5,UY01,Compañía Modelo Uruguay,PC100,Consumo Masivo,C000131,MAT00067,5062.88,3328.51,UYU,2027-01-07T12:17:00Z
DOC0000000738,2025,6,AR01,Compañía Modelo Argentina,PC200,Canal Mayorista,C000438,MAT00117,33589.71,23396.37,ARS,2027-01-08T12:18:00Z
DOC0000000739,2025,7,AR01,Compañía Modelo Argentina,PC100,Consumo Masivo,C000087,MAT00024,15787.38,12214.26,ARS,2027-01-09T12:19:00Z
DOC0000000740,2025,8,UY01,Compañía Modelo Uruguay,PC200,Canal Mayorista,C000005,MAT00088,44115.41,30700.35,UYU,2027-01-10T12:20:00Z
DOC0000000741,2025,9,UY01,Compañía Modelo Uruguay,PC300,Exportación,C000060,MAT00051,61974.72,36128.16,UYU,2027-01-11T12:21:00Z
DOC0000000742,2025,10,AR01,Compañía Modelo Argentina,PC100,Consumo Masivo,C000150,MAT00045,66141.43,43116.75,ARS,2027-01-12T12:22:00Z
DOC0000000743,2025,11,AR01,Compañía Modelo Argentina,PC300,Exportación,C000463,MAT00050,59560.93,36195.34,ARS,2027-01-13T12:23:00Z
DOC0000000744,2025,12,AR01,Compañía Modelo Argentina,PC200,Canal Mayorista,C000024,MAT00019,42536.99,33839.73,ARS,2027-01-14T12:24:00Z
DOC0000000745,2025,1,UY01,Compañía Modelo Uruguay,PC200,Canal Mayorista,C000471,MAT00059,3053.91,2526.43,UYU,2027-01-15T12:25:00Z
DOC0000000746,2025,2,UY01,Compañía Modelo Uruguay,PC100,Consumo Masivo,C000020,MAT00078,46544.04,37427.93,UYU,2027-01-16T12:26:00Z
DOC0000000747,2025,3,AR01,Compañía Modelo Argentina,PC100,Consumo Masivo,C000321,MAT00042,33462.57,26823.89,ARS,2027-01-17T12:27:00Z
DOC0000000748,2025,4,AR01,Compañía Modelo Argentina,PC300,Exportación,C000354,MAT00068,53770.31,41681.08,ARS,2027-01-18T12:28:00Z
DOC0000000749,2025,5,UY01,Compañía Modelo Uruguay,PC100,Consumo Masivo,C000475,MAT00016,32117.63,21021.64,UYU,2027-01-19T12:29:00Z
DOC0000000750,2025,6,UY01,Compañía Modelo Uruguay,PC300,Exportación,C000040,MAT00094,33311.89,28207.96,UYU,2027-01-20T12:30:00Z
DOC0000000751,2025,7,UY01,Compañía Modelo Uruguay,PC100,Consumo Masivo,C000239,MAT00076,68852.81,53204.98,UYU,2027-01-21T12:31:00Z
DOC0000000752,2025,8,AR01,Compañía Modelo Argentina,PC200,Canal Mayorista,C000381,MAT00048,6010.91,4266.77,ARS,2027-01-22T12:32:00Z
DOC0000000753,2025,9,AR01,Compañía Modelo Argentina,PC300,Exportación,C000375,MAT00062,41560.85,32886.54,ARS,2027-01-23T12:33:00Z
DOC0000000754,2025,10,UY01,Compañía Modelo Uruguay,PC300,Exportación,C000110,MAT00100,16075.41,14119.62,UYU,2027-01-24T12:34:00Z
DOC0000000755,2025,11,AR01,Compañía Modelo Argentina,PC200,Canal Mayorista,C000232,MAT00099,7109.20,4187.43,ARS,2027-01-25T12:35:00Z
DOC0000000756,2025,12,AR01,Compañía Modelo Argentina,PC100,Consumo Masivo,C000016,MAT00075,48344.45,29815.95,ARS,2027-01-26T12:36:00Z
DOC0000000757,2025,1,AR01,Compañía Modelo Argentina,PC100,Consumo Masivo,C000037,MAT00053,19274.65,12411.68,ARS,2027-01-27T12:37:00Z
DOC0000000758,2025,2,AR01,Compañía Modelo Argentina,PC300,Exportación,C000310,MAT00073,24315.36,14729.67,ARS,2027-01-28T12:38:00Z
DOC0000000759,2025,3,AR01,Compañía Modelo Argentina,PC100,Consumo Masivo,C000208,MAT00093,58750.02,43155.75,ARS,2027-01-29T12:39:00Z
DOC0000000760,2025,4,UY01,Compañía Modelo Uruguay,PC100,Consumo Masivo,C000410,MAT00089,54430.58,40115.48,UYU,2027-01-30T12:40:00Z
DOC0000000761,2025,5,AR01,Compañía Modelo Argentina,PC100,Consumo Masivo,C000323,MAT00103,74448.90,50547.04,ARS,2027-01-31T12:41:00Z
DOC0000000762,2025,6,UY01,Compañía Modelo Uruguay,PC300,Exportación,C000337,MAT00091,11706.66,10229.75,UYU,2027-02-01T12:42:00Z
DOC0000000763,2025,7,AR01,Compañía Modelo Argentina,PC200,Canal Mayorista,C000429,MAT00047,13813.77,11356.42,ARS,2027-02-02T12:43:00Z
DOC0000000764,2025,8,AR01,Compañía Modelo Argentina,PC300,Exportación,C000356,MAT00051,14230.30,10415.70,ARS,2027-02-03T12:44:00Z
DOC0000000765,2025,9,UY01,Compañía Modelo Uruguay,PC200,Canal Mayorista,C000402,MAT00116,48582.72,35542.44,UYU,2027-02-04T12:45:00Z
DOC0000000766,2025,10,UY01,Compañía Modelo Uruguay,PC100,Consumo Masivo,C000443,MAT00089,43723.66,37195.97,UYU,2027-02-05T12:46:00Z
DOC0000000767,2025,11,UY01,Compañía Modelo Uruguay,PC300,Exportación,C000219,MAT00112,25879.31,17354.87,UYU,2027-02-06T12:47:00Z
DOC0000000768,2025,12,AR01,Compañía Modelo Argentina,PC300,Exportación,C000366,MAT00091,11580.43,9871.42,ARS,2027-02-07T12:48:00Z
DOC0000000769,2025,1,UY01,Compañía Modelo Uruguay,PC200,Canal Mayorista,C000292,MAT00088,20427.84,11981.84,UYU,2027-02-08T12:49:00Z
DOC0000000770,2025,2,UY01,Compañía Modelo Uruguay,PC100,Consumo Masivo,C000491,MAT00019,40870.97,29944.52,UYU,2027-02-09T12:50:00Z
DOC0000000771,2025,3,AR01,Compañía Modelo Argentina,PC300,Exportación,C000326,MAT00095,63379.89,48869.35,ARS,2027-02-10T12:51:00Z
DOC0000000772,2025,4,AR01,Compañía Modelo Argentina,PC200,Canal Mayorista,C000415,MAT00077,14311.18,11534.06,ARS,2027-02-11T12:52:00Z
DOC0000000773,2025,5,AR01,Compañía Modelo Argentina,PC300,Exportación,C000134,MAT00052,52807.29,32417.08,ARS,2027-02-12T12:53:00Z
DOC0000000774,2025,6,UY01,Compañía Modelo Uruguay,PC300,Exportación,C000129,MAT00051,2349.96,1782.30,UYU,2027-02-13T12:54:00Z
DOC0000000775,2025,7,UY01,Compañía Modelo Uruguay,PC100,Consumo Masivo,C000247,MAT00005,64372.36,43228.70,UYU,2027-02-14T12:55:00Z
DOC0000000776,2025,8,AR01,Compañía Modelo Argentina,PC300,Exportación,C000082,MAT00103,2539.80,2017.87,ARS,2027-02-15T12:56:00Z
DOC0000000777,2025,9,UY01,Compañía Modelo Uruguay,PC100,Consumo Masivo,C000417,MAT00104,64635.21,53438.79,UYU,2027-02-16T12:57:00Z
DOC0000000778,2025,10,AR01,Compañía Modelo Argentina,PC100,Consumo Masivo,C000253,MAT00005,4417.75,3286.00,ARS,2027-02-17T12:58:00Z
DOC0000000779,2025,11,UY01,Compañía Modelo Uruguay,PC100,Consumo Masivo,C000073,MAT00019,39865.25,34604.28,UYU,2027-02-18T12:59:00Z
DOC0000000780,2025,12,UY01,Compañía Modelo Uruguay,PC300,Exportación,C000201,MAT00058,64759.61,52286.17,UYU,2027-02-19T13:00:00Z
DOC0000000781,2025,1,UY01,Compañía Modelo Uruguay,PC100,Consumo Masivo,C000355,MAT00026,54656.41,35681.79,UYU,2027-02-20T13:01:00Z
DOC0000000782,2025,2,UY01,Compañía Modelo Uruguay,PC200,Canal Mayorista,C000406,MAT00056,29019.60,22377.26,UYU,2027-02-21T13:02:00Z
DOC0000000783,2025,3,UY01,Compañía Modelo Uruguay,PC300,Exportación,C000477,MAT00093,19928.74,14821.84,UYU,2027-02-22T13:03:00Z
DOC0000000784,2025,4,UY01,Compañía Modelo Uruguay,PC100,Consumo Masivo,C000239,MAT00065,74513.82,50210.36,UYU,2027-02-23T13:04:00Z
DOC0000000785,2025,5,UY01,Compañía Modelo Uruguay,PC100,Consumo Masivo,C000442,MAT00070,56054.77,40508.13,UYU,2027-02-24T13:05:00Z
DOC0000000786,2025,6,UY01,Compañía Modelo Uruguay,PC200,Canal Mayorista,C000493,MAT00079,45689.66,38711.24,UYU,2027-02-25T13:06:00Z
DOC0000000787,2025,7,AR01,Compañía Modelo Argentina,PC300,Exportación,C000307,MAT00020,59384.91,50444.19,ARS,2027-02-26T13:07:00Z
DOC0000000788,2025,8,AR01,Compañía Modelo Argentina,PC200,Canal Mayorista,C000291,MAT00075,16292.07,10718.08,ARS,2027-02-27T13:08:00Z
DOC0000000789,2025,9,UY01,Compañía Modelo Uruguay,PC200,Canal Mayorista,C000490,MAT00036,39189.97,32920.13,UYU,2027-02-28T13:09:00Z
DOC0000000790,2025,10,UY01,Compañía Modelo Uruguay,PC100,Consumo Masivo,C000454,MAT00080,63656.41,48106.97,UYU,2027-03-01T13:10:00Z
DOC0000000791,2025,11,AR01,Compañía Modelo Argentina,PC300,Exportación,C000015,MAT00064,73197.79,43958.67,ARS,2027-03-02T13:11:00Z
DOC0000000792,2025,12,AR01,Compañía Modelo Argentina,PC200,Canal Mayorista,C000063,MAT00120,40056.96,34964.93,ARS,2027-03-03T13:12:00Z
DOC0000000793,2025,1,AR01,Compañía Modelo Argentina,PC300,Exportación,C000162,MAT00051,10821.52,9157.21,ARS,2027-03-04T13:13:00Z
DOC0000000794,2025,2,UY01,Compañía Modelo Uruguay,PC100,Consumo Masivo,C000077,MAT00057,71412.28,44580.19,UYU,2027-03-05T13:14:00Z
DOC0000000795,2025,3,AR01,Compañía Modelo Argentina,PC300,Exportación,C000332,MAT00114,48482.26,39526.70,ARS,2027-03-06T13:15:00Z
DOC0000000796,2025,4,UY01,Compañía Modelo Uruguay,PC100,Consumo Masivo,C000197,MAT00058,27990.56,19582.69,UYU,2027-03-07T13:16:00Z
DOC0000000797,2025,5,AR01,Compañía Modelo Argentina,PC100,Consumo Masivo,C000201,MAT00069,38886.54,30062.11,ARS,2027-03-08T13:17:00Z
DOC0000000798,2025,6,AR01,Compañía Modelo Argentina,PC200,Canal Mayorista,C000475,MAT00041,69467.67,60973.80,ARS,2027-03-09T13:18:00Z
DOC0000000799,2025,7,AR01,Compañía Modelo Argentina,PC200,Canal Mayorista,C000276,MAT00100,42675.58,30232.47,ARS,2027-03-10T13:19:00Z
DOC0000000800,2025,8,UY01,Compañía Modelo Uruguay,PC300,Exportación,C000093,MAT00018,66711.14,54961.23,UYU,2027-03-11T13:20:00Z
DOC0000000801,2025,9,UY01,Compañía Modelo Uruguay,PC100,Consumo Masivo,C000112,MAT00060,7490.67,5891.76,UYU,2027-03-12T13:21:00Z
DOC0000000802,2025,10,UY01,Compañía Modelo Uruguay,PC100,Consumo Masivo,C000353,MAT00002,2040.94,1623.62,UYU,2027-03-13T13:22:00Z
DOC0000000803,2025,11,AR01,Compañía Modelo Argentina,PC300,Exportación,C000400,MAT00002,14831.46,12615.38,ARS,2027-03-14T13:23:00Z
DOC0000000804,2025,12,UY01,Compañía Modelo Uruguay,PC300,Exportación,C000426,MAT00051,35289.21,26794.06,UYU,2027-03-15T13:24:00Z
DOC0000000805,2025,1,AR01,Compañía Modelo Argentina,PC200,Canal Mayorista,C000440,MAT00067,62775.98,53013.95,ARS,2027-03-16T13:25:00Z
DOC0000000806,2025,2,UY01,Compañía Modelo Uruguay,PC300,Exportación,C000173,MAT00072,48655.80,38993.21,UYU,2027-03-17T13:26:00Z
DOC0000000807,2025,3,UY01,Compañía Modelo Uruguay,PC100,Consumo Masivo,C000443,MAT00006,20688.85,18074.68,UYU,2027-03-18T13:27:00Z
DOC0000000808,2025,4,UY01,Compañía Modelo Uruguay,PC200,Canal Mayorista,C000258,MAT00073,39162.58,27546.33,UYU,2027-03-19T13:28:00Z
DOC0000000809,2025,5,UY01,Compañía Modelo Uruguay,PC300,Exportación,C000021,MAT00028,63892.86,46464.07,UYU,2027-03-20T13:29:00Z
DOC0000000810,2025,6,UY01,Compañía Modelo Uruguay,PC300,Exportación,C000048,MAT00075,42475.71,27725.08,UYU,2027-03-21T13:30:00Z
DOC0000000811,2025,7,AR01,Compañía Modelo Argentina,PC200,Canal Mayorista,C000189,MAT00008,42041.61,35682.01,ARS,2027-03-22T13:31:00Z
DOC0000000812,2025,8,UY01,Compañía Modelo Uruguay,PC100,Consumo Masivo,C000471,MAT00040,31704.74,24789.35,UYU,2027-03-23T13:32:00Z
DOC0000000813,2025,9,AR01,Compañía Modelo Argentina,PC200,Canal Mayorista,C000446,MAT00048,14049.85,11051.79,ARS,2027-03-24T13:33:00Z
DOC0000000814,2025,10,AR01,Compañía Modelo Argentina,PC200,Canal Mayorista,C000188,MAT00118,49898.97,33799.73,ARS,2027-03-25T13:34:00Z
DOC0000000815,2025,11,UY01,Compañía Modelo Uruguay,PC300,Exportación,C000252,MAT00104,18498.08,12068.85,UYU,2027-03-26T13:35:00Z
DOC0000000816,2025,12,UY01,Compañía Modelo Uruguay,PC200,Canal Mayorista,C000144,MAT00099,68909.29,41499.45,UYU,2027-03-27T13:36:00Z
DOC0000000817,2025,1,UY01,Compañía Modelo Uruguay,PC200,Canal Mayorista,C000206,MAT00060,42661.29,37088.67,UYU,2027-03-28T13:37:00Z
DOC0000000818,2025,2,AR01,Compañía Modelo Argentina,PC100,Consumo Masivo,C000365,MAT00034,41024.60,27478.22,ARS,2027-03-29T13:38:00Z
DOC0000000819,2025,3,UY01,Compañía Modelo Uruguay,PC200,Canal Mayorista,C000239,MAT00046,11032.79,7724.48,UYU,2027-03-30T13:39:00Z
DOC0000000820,2025,4,UY01,Compañía Modelo Uruguay,PC100,Consumo Masivo,C000421,MAT00077,33044.98,22018.58,UYU,2027-03-31T13:40:00Z
DOC0000000821,2025,5,UY01,Compañía Modelo Uruguay,PC200,Canal Mayorista,C000287,MAT00043,21446.00,15814.17,UYU,2027-04-01T13:41:00Z
DOC0000000822,2025,6,UY01,Compañía Modelo Uruguay,PC200,Canal Mayorista,C000047,MAT00113,24006.53,17553.63,UYU,2027-04-02T13:42:00Z
DOC0000000823,2025,7,UY01,Compañía Modelo Uruguay,PC200,Canal Mayorista,C000428,MAT00039,12497.99,9020.30,UYU,2027-04-03T13:43:00Z
DOC0000000824,2025,8,AR01,Compañía Modelo Argentina,PC300,Exportación,C000180,MAT00115,21599.35,16983.38,ARS,2027-04-04T13:44:00Z
DOC0000000825,2025,9,AR01,Compañía Modelo Argentina,PC100,Consumo Masivo,C000224,MAT00117,21431.73,12555.13,ARS,2027-04-05T13:45:00Z
DOC0000000826,2025,10,AR01,Compañía Modelo Argentina,PC200,Canal Mayorista,C000062,MAT00047,18868.57,15862.78,ARS,2027-04-06T13:46:00Z
DOC0000000827,2025,11,UY01,Compañía Modelo Uruguay,PC200,Canal Mayorista,C000401,MAT00023,70432.60,58440.28,UYU,2027-04-07T13:47:00Z
DOC0000000828,2025,12,UY01,Compañía Modelo Uruguay,PC300,Exportación,C000346,MAT00051,41612.09,24383.40,UYU,2027-04-08T13:48:00Z
DOC0000000829,2025,1,AR01,Compañía Modelo Argentina,PC200,Canal Mayorista,C000024,MAT00039,7197.79,4277.08,ARS,2027-04-09T13:49:00Z
DOC0000000830,2025,2,AR01,Compañía Modelo Argentina,PC300,Exportación,C000314,MAT00087,51028.41,36771.01,ARS,2027-04-10T13:50:00Z
DOC0000000831,2025,3,UY01,Compañía Modelo Uruguay,PC200,Canal Mayorista,C000131,MAT00088,30063.52,21281.71,UYU,2027-04-11T13:51:00Z
DOC0000000832,2025,4,UY01,Compañía Modelo Uruguay,PC200,Canal Mayorista,C000456,MAT00050,3183.16,2473.20,UYU,2027-04-12T13:52:00Z
DOC0000000833,2025,5,UY01,Compañía Modelo Uruguay,PC200,Canal Mayorista,C000154,MAT00045,22892.44,16238.77,UYU,2027-04-13T13:53:00Z
DOC0000000834,2025,6,UY01,Compañía Modelo Uruguay,PC100,Consumo Masivo,C000416,MAT00101,17210.62,12155.47,UYU,2027-04-14T13:54:00Z
DOC0000000835,2025,7,AR01,Compañía Modelo Argentina,PC100,Consumo Masivo,C000227,MAT00089,36643.73,30175.83,ARS,2027-04-15T13:55:00Z
DOC0000000836,2025,8,UY01,Compañía Modelo Uruguay,PC100,Consumo Masivo,C000474,MAT00022,49866.84,29031.29,UYU,2027-04-16T13:56:00Z
DOC0000000837,2025,9,UY01,Compañía Modelo Uruguay,PC100,Consumo Masivo,C000468,MAT00059,14621.17,11513.15,UYU,2027-04-17T13:57:00Z
DOC0000000838,2025,10,AR01,Compañía Modelo Argentina,PC300,Exportación,C000498,MAT00111,70410.24,51402.38,ARS,2027-04-18T13:58:00Z
DOC0000000839,2025,11,AR01,Compañía Modelo Argentina,PC300,Exportación,C000149,MAT00022,22616.74,14676.29,ARS,2027-04-19T13:59:00Z
DOC0000000840,2025,12,AR01,Compañía Modelo Argentina,PC300,Exportación,C000123,MAT00079,43662.54,32029.27,ARS,2027-04-20T14:00:00Z
DOC0000000841,2025,1,UY01,Compañía Modelo Uruguay,PC300,Exportación,C000017,MAT00060,72580.04,63031.04,UYU,2027-04-21T14:01:00Z
DOC0000000842,2025,2,AR01,Compañía Modelo Argentina,PC100,Consumo Masivo,C000469,MAT00118,49086.54,36465.60,ARS,2027-04-22T14:02:00Z
DOC0000000843,2025,3,AR01,Compañía Modelo Argentina,PC100,Consumo Masivo,C000198,MAT00119,53426.48,35076.06,ARS,2027-04-23T14:03:00Z
DOC0000000844,2025,4,UY01,Compañía Modelo Uruguay,PC100,Consumo Masivo,C000234,MAT00011,43075.79,35000.56,UYU,2027-04-24T14:04:00Z
DOC0000000845,2025,5,UY01,Compañía Modelo Uruguay,PC200,Canal Mayorista,C000199,MAT00115,66668.80,56898.36,UYU,2027-04-25T14:05:00Z
DOC0000000846,2025,6,AR01,Compañía Modelo Argentina,PC300,Exportación,C000116,MAT00106,66340.38,50969.14,ARS,2027-04-26T14:06:00Z
DOC0000000847,2025,7,AR01,Compañía Modelo Argentina,PC100,Consumo Masivo,C000312,MAT00072,24392.76,19114.47,ARS,2027-04-27T14:07:00Z
DOC0000000848,2025,8,UY01,Compañía Modelo Uruguay,PC100,Consumo Masivo,C000403,MAT00018,2606.05,2106.64,UYU,2027-04-28T14:08:00Z
DOC0000000849,2025,9,AR01,Compañía Modelo Argentina,PC200,Canal Mayorista,C000119,MAT00025,54411.08,34323.24,ARS,2027-04-29T14:09:00Z
DOC0000000850,2025,10,AR01,Compañía Modelo Argentina,PC300,Exportación,C000391,MAT00040,11783.36,6839.54,ARS,2027-04-30T14:10:00Z
DOC0000000851,2025,11,AR01,Compañía Modelo Argentina,PC100,Consumo Masivo,C000243,MAT00041,55697.83,34067.06,ARS,2027-05-01T14:11:00Z
DOC0000000852,2025,12,UY01,Compañía Modelo Uruguay,PC100,Consumo Masivo,C000415,MAT00078,38869.23,33953.87,UYU,2027-05-02T14:12:00Z
DOC0000000853,2025,1,AR01,Compañía Modelo Argentina,PC300,Exportación,C000012,MAT00087,1313.24,914.21,ARS,2027-05-03T14:13:00Z
DOC0000000854,2025,2,AR01,Compañía Modelo Argentina,PC300,Exportación,C000292,MAT00006,69280.13,52137.42,ARS,2027-05-04T14:14:00Z
DOC0000000855,2025,3,AR01,Compañía Modelo Argentina,PC300,Exportación,C000324,MAT00021,54362.26,43328.17,ARS,2027-05-05T14:15:00Z
DOC0000000856,2025,4,UY01,Compañía Modelo Uruguay,PC100,Consumo Masivo,C000328,MAT00084,37268.91,28020.85,UYU,2027-05-06T14:16:00Z
DOC0000000857,2025,5,UY01,Compañía Modelo Uruguay,PC100,Consumo Masivo,C000366,MAT00118,60888.75,37671.95,UYU,2027-05-07T14:17:00Z
DOC0000000858,2025,6,AR01,Compañía Modelo Argentina,PC300,Exportación,C000446,MAT00050,51365.66,37234.96,ARS,2027-05-08T14:18:00Z
DOC0000000859,2025,7,AR01,Compañía Modelo Argentina,PC300,Exportación,C000135,MAT00054,20295.17,16976.55,ARS,2027-05-09T14:19:00Z
DOC0000000860,2025,8,AR01,Compañía Modelo Argentina,PC300,Exportación,C000337,MAT00114,72589.31,56901.66,ARS,2027-05-10T14:20:00Z
DOC0000000861,2025,9,AR01,Compañía Modelo Argentina,PC300,Exportación,C000245,MAT00030,37848.52,33289.72,ARS,2027-05-11T14:21:00Z
DOC0000000862,2025,10,UY01,Compañía Modelo Uruguay,PC100,Consumo Masivo,C000233,MAT00068,70327.01,58693.63,UYU,2027-05-12T14:22:00Z
DOC0000000863,2025,11,AR01,Compañía Modelo Argentina,PC200,Canal Mayorista,C000336,MAT00084,16618.08,9713.10,ARS,2027-05-13T14:23:00Z
DOC0000000864,2025,12,AR01,Compañía Modelo Argentina,PC100,Consumo Masivo,C000072,MAT00069,66034.08,43783.43,ARS,2027-05-14T14:24:00Z
DOC0000000865,2025,1,UY01,Compañía Modelo Uruguay,PC100,Consumo Masivo,C000492,MAT00066,14477.21,10415.56,UYU,2027-05-15T14:25:00Z
DOC0000000866,2025,2,AR01,Compañía Modelo Argentina,PC100,Consumo Masivo,C000459,MAT00023,62254.23,45321.25,ARS,2027-05-16T14:26:00Z
DOC0000000867,2025,3,UY01,Compañía Modelo Uruguay,PC100,Consumo Masivo,C000236,MAT00035,20586.22,11995.36,UYU,2027-05-17T14:27:00Z
DOC0000000868,2025,4,UY01,Compañía Modelo Uruguay,PC200,Canal Mayorista,C000496,MAT00067,72656.69,50578.56,UYU,2027-05-18T14:28:00Z
DOC0000000869,2025,5,UY01,Compañía Modelo Uruguay,PC200,Canal Mayorista,C000005,MAT00048,8671.50,5837.58,UYU,2027-05-19T14:29:00Z
DOC0000000870,2025,6,UY01,Compañía Modelo Uruguay,PC100,Consumo Masivo,C000350,MAT00058,25139.33,19612.11,UYU,2027-05-20T14:30:00Z
DOC0000000871,2025,7,AR01,Compañía Modelo Argentina,PC300,Exportación,C000305,MAT00067,63611.45,48099.35,ARS,2027-05-21T14:31:00Z
DOC0000000872,2025,8,AR01,Compañía Modelo Argentina,PC200,Canal Mayorista,C000398,MAT00107,43832.25,33895.45,ARS,2027-05-22T14:32:00Z
DOC0000000873,2025,9,AR01,Compañía Modelo Argentina,PC300,Exportación,C000389,MAT00027,24077.39,18388.72,ARS,2027-05-23T14:33:00Z
DOC0000000874,2025,10,UY01,Compañía Modelo Uruguay,PC300,Exportación,C000121,MAT00052,22965.31,14222.89,UYU,2027-05-24T14:34:00Z
DOC0000000875,2025,11,AR01,Compañía Modelo Argentina,PC200,Canal Mayorista,C000192,MAT00058,34454.51,30047.00,ARS,2027-05-25T14:35:00Z
DOC0000000876,2025,12,AR01,Compañía Modelo Argentina,PC100,Consumo Masivo,C000244,MAT00113,35332.09,20623.03,ARS,2027-05-26T14:36:00Z
DOC0000000877,2025,1,AR01,Compañía Modelo Argentina,PC100,Consumo Masivo,C000013,MAT00005,51148.27,29813.91,ARS,2027-05-27T14:37:00Z
DOC0000000878,2025,2,UY01,Compañía Modelo Uruguay,PC300,Exportación,C000095,MAT00032,51992.58,42989.78,UYU,2027-05-28T14:38:00Z
DOC0000000879,2025,3,AR01,Compañía Modelo Argentina,PC100,Consumo Masivo,C000200,MAT00088,58923.70,38421.92,ARS,2027-05-29T14:39:00Z
DOC0000000880,2025,4,AR01,Compañía Modelo Argentina,PC100,Consumo Masivo,C000117,MAT00084,4152.98,2487.73,ARS,2027-05-30T14:40:00Z
DOC0000000881,2025,5,AR01,Compañía Modelo Argentina,PC100,Consumo Masivo,C000264,MAT00063,20125.76,17198.93,ARS,2027-05-31T14:41:00Z
DOC0000000882,2025,6,AR01,Compañía Modelo Argentina,PC100,Consumo Masivo,C000466,MAT00003,10123.58,7725.37,ARS,2027-06-01T14:42:00Z
DOC0000000883,2025,7,AR01,Compañía Modelo Argentina,PC200,Canal Mayorista,C000287,MAT00022,30221.45,21639.88,ARS,2027-06-02T14:43:00Z
DOC0000000884,2025,8,UY01,Compañía Modelo Uruguay,PC100,Consumo Masivo,C000216,MAT00028,48207.28,40916.86,UYU,2027-06-03T14:44:00Z
DOC0000000885,2025,9,AR01,Compañía Modelo Argentina,PC300,Exportación,C000193,MAT00104,19675.57,13707.17,ARS,2027-06-04T14:45:00Z
DOC0000000886,2025,10,AR01,Compañía Modelo Argentina,PC200,Canal Mayorista,C000004,MAT00020,73818.33,50297.54,ARS,2027-06-05T14:46:00Z
DOC0000000887,2025,11,AR01,Compañía Modelo Argentina,PC300,Exportación,C000201,MAT00103,27151.38,18721.81,ARS,2027-06-06T14:47:00Z
DOC0000000888,2025,12,UY01,Compañía Modelo Uruguay,PC200,Canal Mayorista,C000468,MAT00093,38273.20,26798.95,UYU,2027-06-07T14:48:00Z
DOC0000000889,2025,1,UY01,Compañía Modelo Uruguay,PC200,Canal Mayorista,C000290,MAT00097,30498.73,22483.20,UYU,2027-06-08T14:49:00Z
DOC0000000890,2025,2,AR01,Compañía Modelo Argentina,PC300,Exportación,C000268,MAT00115,18123.43,15526.30,ARS,2027-06-09T14:50:00Z
DOC0000000891,2025,3,UY01,Compañía Modelo Uruguay,PC300,Exportación,C000225,MAT00060,48410.52,40175.62,UYU,2027-06-10T14:51:00Z
DOC0000000892,2025,4,UY01,Compañía Modelo Uruguay,PC200,Canal Mayorista,C000389,MAT00068,27254.95,19599.94,UYU,2027-06-11T14:52:00Z
DOC0000000893,2025,5,AR01,Compañía Modelo Argentina,PC200,Canal Mayorista,C000444,MAT00036,37623.98,26536.70,ARS,2027-06-12T14:53:00Z
DOC0000000894,2025,6,AR01,Compañía Modelo Argentina,PC300,Exportación,C000410,MAT00089,41314.70,34395.54,ARS,2027-06-13T14:54:00Z
DOC0000000895,2025,7,AR01,Compañía Modelo Argentina,PC200,Canal Mayorista,C000392,MAT00072,3092.77,2521.34,ARS,2027-06-14T14:55:00Z
DOC0000000896,2025,8,UY01,Compañía Modelo Uruguay,PC300,Exportación,C000387,MAT00088,66755.73,49304.83,UYU,2027-06-15T14:56:00Z
DOC0000000897,2025,9,AR01,Compañía Modelo Argentina,PC200,Canal Mayorista,C000338,MAT00066,38680.06,33020.33,ARS,2027-06-16T14:57:00Z
DOC0000000898,2025,10,AR01,Compañía Modelo Argentina,PC200,Canal Mayorista,C000416,MAT00087,28460.34,18352.82,ARS,2027-06-17T14:58:00Z
DOC0000000899,2025,11,AR01,Compañía Modelo Argentina,PC100,Consumo Masivo,C000401,MAT00120,44403.39,25910.90,ARS,2027-06-18T14:59:00Z
DOC0000000900,2025,12,UY01,Compañía Modelo Uruguay,PC100,Consumo Masivo,C000181,MAT00096,70466.22,56654.69,UYU,2027-06-19T15:00:00Z
DOC0000000901,2025,1,UY01,Compañía Modelo Uruguay,PC100,Consumo Masivo,C000426,MAT00004,67566.64,46393.93,UYU,2027-06-20T15:01:00Z
DOC0000000902,2025,2,UY01,Compañía Modelo Uruguay,PC200,Canal Mayorista,C000054,MAT00064,71621.41,47174.64,UYU,2027-06-21T15:02:00Z
DOC0000000903,2025,3,AR01,Compañía Modelo Argentina,PC300,Exportación,C000101,MAT00078,71288.76,41842.18,ARS,2027-06-22T15:03:00Z
DOC0000000904,2025,4,AR01,Compañía Modelo Argentina,PC100,Consumo Masivo,C000235,MAT00118,37517.04,30098.94,ARS,2027-06-23T15:04:00Z
DOC0000000905,2025,5,AR01,Compañía Modelo Argentina,PC200,Canal Mayorista,C000059,MAT00072,74990.25,52339.74,ARS,2027-06-24T15:05:00Z
DOC0000000906,2025,6,AR01,Compañía Modelo Argentina,PC300,Exportación,C000302,MAT00028,17297.25,13076.75,ARS,2027-06-25T15:06:00Z
DOC0000000907,2025,7,AR01,Compañía Modelo Argentina,PC100,Consumo Masivo,C000209,MAT00011,46804.39,32751.88,ARS,2027-06-26T15:07:00Z
DOC0000000908,2025,8,UY01,Compañía Modelo Uruguay,PC100,Consumo Masivo,C000207,MAT00014,30295.00,21556.90,UYU,2027-06-27T15:08:00Z
DOC0000000909,2025,9,AR01,Compañía Modelo Argentina,PC100,Consumo Masivo,C000469,MAT00008,13171.44,8164.66,ARS,2027-06-28T15:09:00Z
DOC0000000910,2025,10,UY01,Compañía Modelo Uruguay,PC300,Exportación,C000337,MAT00027,62363.80,49785.36,UYU,2027-06-29T15:10:00Z
DOC0000000911,2025,11,UY01,Compañía Modelo Uruguay,PC100,Consumo Masivo,C000067,MAT00015,11324.46,7525.01,UYU,2027-06-30T15:11:00Z
DOC0000000912,2025,12,AR01,Compañía Modelo Argentina,PC300,Exportación,C000411,MAT00054,66651.14,40371.25,ARS,2027-07-01T15:12:00Z
DOC0000000913,2025,1,UY01,Compañía Modelo Uruguay,PC300,Exportación,C000052,MAT00105,72431.50,46500.73,UYU,2027-07-02T15:13:00Z
DOC0000000914,2025,2,AR01,Compañía Modelo Argentina,PC100,Consumo Masivo,C000237,MAT00017,74586.11,47717.56,ARS,2027-07-03T15:14:00Z
DOC0000000915,2025,3,UY01,Compañía Modelo Uruguay,PC300,Exportación,C000009,MAT00110,27283.16,23113.60,UYU,2027-07-04T15:15:00Z
DOC0000000916,2025,4,UY01,Compañía Modelo Uruguay,PC200,Canal Mayorista,C000313,MAT00021,59293.72,44292.17,UYU,2027-07-05T15:16:00Z
DOC0000000917,2025,5,UY01,Compañía Modelo Uruguay,PC200,Canal Mayorista,C000347,MAT00004,70870.23,51552.40,UYU,2027-07-06T15:17:00Z
DOC0000000918,2025,6,UY01,Compañía Modelo Uruguay,PC300,Exportación,C000151,MAT00044,55878.76,33733.28,UYU,2027-07-07T15:18:00Z
DOC0000000919,2025,7,UY01,Compañía Modelo Uruguay,PC200,Canal Mayorista,C000006,MAT00106,9512.24,7865.41,UYU,2027-07-08T15:19:00Z
DOC0000000920,2025,8,AR01,Compañía Modelo Argentina,PC100,Consumo Masivo,C000089,MAT00005,5686.75,4720.53,ARS,2027-07-09T15:20:00Z
DOC0000000921,2025,9,UY01,Compañía Modelo Uruguay,PC300,Exportación,C000139,MAT00011,56705.97,48047.37,UYU,2027-07-10T15:21:00Z
DOC0000000922,2025,10,AR01,Compañía Modelo Argentina,PC300,Exportación,C000187,MAT00027,23224.05,14069.81,ARS,2027-07-11T15:22:00Z
DOC0000000923,2025,11,UY01,Compañía Modelo Uruguay,PC100,Consumo Masivo,C000462,MAT00051,40116.95,35014.42,UYU,2027-07-12T15:23:00Z
DOC0000000924,2025,12,UY01,Compañía Modelo Uruguay,PC300,Exportación,C000210,MAT00014,9215.83,7202.23,UYU,2027-07-13T15:24:00Z
DOC0000000925,2025,1,UY01,Compañía Modelo Uruguay,PC300,Exportación,C000348,MAT00064,56184.68,48284.08,UYU,2027-07-14T15:25:00Z
DOC0000000926,2025,2,AR01,Compañía Modelo Argentina,PC100,Consumo Masivo,C000044,MAT00103,63142.29,46962.35,ARS,2027-07-15T15:26:00Z
DOC0000000927,2025,3,AR01,Compañía Modelo Argentina,PC100,Consumo Masivo,C000336,MAT00088,19803.35,13631.99,ARS,2027-07-16T15:27:00Z
DOC0000000928,2025,4,AR01,Compañía Modelo Argentina,PC200,Canal Mayorista,C000398,MAT00038,38586.79,26655.96,ARS,2027-07-17T15:28:00Z
DOC0000000929,2025,5,AR01,Compañía Modelo Argentina,PC300,Exportación,C000481,MAT00076,62045.18,39926.48,ARS,2027-07-18T15:29:00Z
DOC0000000930,2025,6,AR01,Compañía Modelo Argentina,PC200,Canal Mayorista,C000008,MAT00038,5774.40,4795.00,ARS,2027-07-19T15:30:00Z
DOC0000000931,2025,7,UY01,Compañía Modelo Uruguay,PC100,Consumo Masivo,C000279,MAT00009,45363.39,38488.39,UYU,2027-07-20T15:31:00Z
DOC0000000932,2025,8,AR01,Compañía Modelo Argentina,PC300,Exportación,C000126,MAT00091,23254.04,17119.02,ARS,2027-07-21T15:32:00Z
DOC0000000933,2025,9,AR01,Compañía Modelo Argentina,PC100,Consumo Masivo,C000213,MAT00114,60684.92,46847.78,ARS,2027-07-22T15:33:00Z
DOC0000000934,2025,10,AR01,Compañía Modelo Argentina,PC300,Exportación,C000381,MAT00096,21330.04,15209.17,ARS,2027-07-23T15:34:00Z
DOC0000000935,2025,11,UY01,Compañía Modelo Uruguay,PC300,Exportación,C000250,MAT00030,30229.87,25765.33,UYU,2027-07-24T15:35:00Z
DOC0000000936,2025,12,AR01,Compañía Modelo Argentina,PC100,Consumo Masivo,C000414,MAT00005,30653.55,26609.84,ARS,2027-07-25T15:36:00Z
DOC0000000937,2025,1,AR01,Compañía Modelo Argentina,PC100,Consumo Masivo,C000421,MAT00102,54715.10,46634.17,ARS,2027-07-26T15:37:00Z
DOC0000000938,2025,2,AR01,Compañía Modelo Argentina,PC300,Exportación,C000173,MAT00109,1184.34,1011.93,ARS,2027-07-27T15:38:00Z
DOC0000000939,2025,3,AR01,Compañía Modelo Argentina,PC200,Canal Mayorista,C000443,MAT00095,65685.63,50333.47,ARS,2027-07-28T15:39:00Z
DOC0000000940,2025,4,UY01,Compañía Modelo Uruguay,PC300,Exportación,C000411,MAT00071,47562.82,35704.41,UYU,2027-07-29T15:40:00Z
DOC0000000941,2025,5,AR01,Compañía Modelo Argentina,PC200,Canal Mayorista,C000327,MAT00075,15211.11,10180.85,ARS,2027-07-30T15:41:00Z
DOC0000000942,2025,6,UY01,Compañía Modelo Uruguay,PC200,Canal Mayorista,C000081,MAT00008,14139.27,8841.68,UYU,2027-07-31T15:42:00Z
DOC0000000943,2025,7,UY01,Compañía Modelo Uruguay,PC100,Consumo Masivo,C000172,MAT00014,46853.89,33554.65,UYU,2027-08-01T15:43:00Z
DOC0000000944,2025,8,AR01,Compañía Modelo Argentina,PC200,Canal Mayorista,C000312,MAT00083,54868.47,33568.50,ARS,2027-08-02T15:44:00Z
DOC0000000945,2025,9,UY01,Compañía Modelo Uruguay,PC300,Exportación,C000229,MAT00034,22917.41,19624.30,UYU,2027-08-03T15:45:00Z
DOC0000000946,2025,10,AR01,Compañía Modelo Argentina,PC300,Exportación,C000252,MAT00040,8018.57,4744.22,ARS,2027-08-04T15:46:00Z
DOC0000000947,2025,11,AR01,Compañía Modelo Argentina,PC300,Exportación,C000416,MAT00025,46006.43,28592.26,ARS,2027-08-05T15:47:00Z
DOC0000000948,2025,12,UY01,Compañía Modelo Uruguay,PC300,Exportación,C000189,MAT00024,49124.49,39813.99,UYU,2027-08-06T15:48:00Z
DOC0000000949,2025,1,AR01,Compañía Modelo Argentina,PC300,Exportación,C000221,MAT00113,67062.20,48716.17,ARS,2027-08-07T15:49:00Z
DOC0000000950,2025,2,AR01,Compañía Modelo Argentina,PC300,Exportación,C000389,MAT00091,52706.95,31090.03,ARS,2027-08-08T15:50:00Z
DOC0000000951,2025,3,UY01,Compañía Modelo Uruguay,PC300,Exportación,C000173,MAT00054,21799.37,16275.69,UYU,2027-08-09T15:51:00Z
DOC0000000952,2025,4,AR01,Compañía Modelo Argentina,PC200,Canal Mayorista,C000211,MAT00117,63392.30,51204.12,ARS,2027-08-10T15:52:00Z
DOC0000000953,2025,5,AR01,Compañía Modelo Argentina,PC100,Consumo Masivo,C000459,MAT00043,42731.21,25751.53,ARS,2027-08-11T15:53:00Z
DOC0000000954,2025,6,AR01,Compañía Modelo Argentina,PC300,Exportación,C000077,MAT00104,2760.90,2172.78,ARS,2027-08-12T15:54:00Z
DOC0000000955,2025,7,AR01,Compañía Modelo Argentina,PC200,Canal Mayorista,C000155,MAT00089,28293.71,24056.57,ARS,2027-08-13T15:55:00Z
DOC0000000956,2025,8,UY01,Compañía Modelo Uruguay,PC200,Canal Mayorista,C000133,MAT00113,41386.06,27869.35,UYU,2027-08-14T15:56:00Z
DOC0000000957,2025,9,UY01,Compañía Modelo Uruguay,PC100,Consumo Masivo,C000201,MAT00014,11504.98,6764.72,UYU,2027-08-15T15:57:00Z
DOC0000000958,2025,10,AR01,Compañía Modelo Argentina,PC100,Consumo Masivo,C000422,MAT00007,48841.82,37481.08,ARS,2027-08-16T15:58:00Z
DOC0000000959,2025,11,AR01,Compañía Modelo Argentina,PC200,Canal Mayorista,C000056,MAT00055,12419.53,8289.91,ARS,2027-08-17T15:59:00Z
DOC0000000960,2025,12,AR01,Compañía Modelo Argentina,PC300,Exportación,C000417,MAT00105,65479.44,44595.32,ARS,2027-08-18T16:00:00Z
DOC0000000961,2025,1,AR01,Compañía Modelo Argentina,PC200,Canal Mayorista,C000217,MAT00106,9212.01,6510.88,ARS,2027-08-19T16:01:00Z
DOC0000000962,2025,2,AR01,Compañía Modelo Argentina,PC100,Consumo Masivo,C000288,MAT00111,60591.22,51157.05,ARS,2027-08-20T16:02:00Z
DOC0000000963,2025,3,AR01,Compañía Modelo Argentina,PC100,Consumo Masivo,C000183,MAT00085,61419.43,38732.58,ARS,2027-08-21T16:03:00Z
DOC0000000964,2025,4,AR01,Compañía Modelo Argentina,PC300,Exportación,C000420,MAT00081,57722.90,50753.00,ARS,2027-08-22T16:04:00Z
DOC0000000965,2025,5,AR01,Compañía Modelo Argentina,PC100,Consumo Masivo,C000314,MAT00059,43946.79,33278.98,ARS,2027-08-23T16:05:00Z
DOC0000000966,2025,6,UY01,Compañía Modelo Uruguay,PC200,Canal Mayorista,C000314,MAT00061,47261.57,35529.12,UYU,2027-08-24T16:06:00Z
DOC0000000967,2025,7,AR01,Compañía Modelo Argentina,PC200,Canal Mayorista,C000343,MAT00119,51073.14,36644.63,ARS,2027-08-25T16:07:00Z
DOC0000000968,2025,8,AR01,Compañía Modelo Argentina,PC100,Consumo Masivo,C000255,MAT00015,64507.21,45031.23,ARS,2027-08-26T16:08:00Z
DOC0000000969,2025,9,AR01,Compañía Modelo Argentina,PC200,Canal Mayorista,C000476,MAT00028,7270.14,6207.42,ARS,2027-08-27T16:09:00Z
DOC0000000970,2025,10,AR01,Compañía Modelo Argentina,PC100,Consumo Masivo,C000316,MAT00093,52046.38,30216.80,ARS,2027-08-28T16:10:00Z
DOC0000000971,2025,11,UY01,Compañía Modelo Uruguay,PC300,Exportación,C000332,MAT00086,38241.60,26972.56,UYU,2027-08-29T16:11:00Z
DOC0000000972,2025,12,AR01,Compañía Modelo Argentina,PC300,Exportación,C000036,MAT00073,51598.74,45027.58,ARS,2027-08-30T16:12:00Z
DOC0000000973,2025,1,AR01,Compañía Modelo Argentina,PC300,Exportación,C000079,MAT00032,48721.43,30714.42,ARS,2027-08-31T16:13:00Z
DOC0000000974,2025,2,AR01,Compañía Modelo Argentina,PC100,Consumo Masivo,C000392,MAT00010,22384.60,16800.46,ARS,2027-09-01T16:14:00Z
DOC0000000975,2025,3,UY01,Compañía Modelo Uruguay,PC200,Canal Mayorista,C000418,MAT00085,12748.20,9628.13,UYU,2027-09-02T16:15:00Z
DOC0000000976,2025,4,AR01,Compañía Modelo Argentina,PC300,Exportación,C000215,MAT00051,11779.98,8512.42,ARS,2027-09-03T16:16:00Z
DOC0000000977,2025,5,AR01,Compañía Modelo Argentina,PC200,Canal Mayorista,C000341,MAT00063,64326.42,41916.56,ARS,2027-09-04T16:17:00Z
DOC0000000978,2025,6,AR01,Compañía Modelo Argentina,PC200,Canal Mayorista,C000174,MAT00070,72352.56,61313.40,ARS,2027-09-05T16:18:00Z
DOC0000000979,2025,7,AR01,Compañía Modelo Argentina,PC200,Canal Mayorista,C000059,MAT00045,65464.51,48511.88,ARS,2027-09-06T16:19:00Z
DOC0000000980,2025,8,UY01,Compañía Modelo Uruguay,PC200,Canal Mayorista,C000434,MAT00051,42899.16,26507.61,UYU,2027-09-07T16:20:00Z
DOC0000000981,2025,9,AR01,Compañía Modelo Argentina,PC100,Consumo Masivo,C000487,MAT00069,23874.82,18095.04,ARS,2027-09-08T16:21:00Z
DOC0000000982,2025,10,AR01,Compañía Modelo Argentina,PC100,Consumo Masivo,C000391,MAT00106,53209.53,46335.55,ARS,2027-09-09T16:22:00Z
DOC0000000983,2025,11,AR01,Compañía Modelo Argentina,PC200,Canal Mayorista,C000132,MAT00069,28122.51,24741.40,ARS,2027-09-10T16:23:00Z
DOC0000000984,2025,12,AR01,Compañía Modelo Argentina,PC300,Exportación,C000308,MAT00105,56510.72,34105.96,ARS,2027-09-11T16:24:00Z
DOC0000000985,2025,1,AR01,Compañía Modelo Argentina,PC300,Exportación,C000307,MAT00001,59275.09,47796.07,ARS,2027-09-12T16:25:00Z
DOC0000000986,2025,2,AR01,Compañía Modelo Argentina,PC300,Exportación,C000417,MAT00095,45070.72,30054.02,ARS,2027-09-13T16:26:00Z
DOC0000000987,2025,3,UY01,Compañía Modelo Uruguay,PC100,Consumo Masivo,C000267,MAT00014,23325.34,19382.12,UYU,2027-09-14T16:27:00Z
DOC0000000988,2025,4,UY01,Compañía Modelo Uruguay,PC100,Consumo Masivo,C000319,MAT00094,22885.05,16378.81,UYU,2027-09-15T16:28:00Z
DOC0000000989,2025,5,AR01,Compañía Modelo Argentina,PC300,Exportación,C000428,MAT00090,46902.55,31354.33,ARS,2027-09-16T16:29:00Z
DOC0000000990,2025,6,UY01,Compañía Modelo Uruguay,PC300,Exportación,C000110,MAT00017,19664.29,12469.26,UYU,2027-09-17T16:30:00Z
DOC0000000991,2025,7,UY01,Compañía Modelo Uruguay,PC200,Canal Mayorista,C000436,MAT00007,18289.67,11249.11,UYU,2027-09-18T16:31:00Z
DOC0000000992,2025,8,AR01,Compañía Modelo Argentina,PC200,Canal Mayorista,C000363,MAT00020,5434.43,4214.85,ARS,2027-09-19T16:32:00Z
DOC0000000993,2025,9,AR01,Compañía Modelo Argentina,PC300,Exportación,C000153,MAT00022,59798.13,50435.43,ARS,2027-09-20T16:33:00Z
DOC0000000994,2025,10,UY01,Compañía Modelo Uruguay,PC100,Consumo Masivo,C000103,MAT00062,74446.64,60064.48,UYU,2027-09-21T16:34:00Z
DOC0000000995,2025,11,UY01,Compañía Modelo Uruguay,PC200,Canal Mayorista,C000409,MAT00051,36222.21,21118.90,UYU,2027-09-22T16:35:00Z
DOC0000000996,2025,12,UY01,Compañía Modelo Uruguay,PC300,Exportación,C000363,MAT00095,57269.92,38223.78,UYU,2027-09-23T16:36:00Z
DOC0000000997,2025,1,AR01,Compañía Modelo Argentina,PC200,Canal Mayorista,C000132,MAT00032,66045.23,49578.65,ARS,2027-09-24T16:37:00Z
DOC0000000998,2025,2,AR01,Compañía Modelo Argentina,PC200,Canal Mayorista,C000412,MAT00114,37310.01,22585.80,ARS,2027-09-25T16:38:00Z
DOC0000000999,2025,3,AR01,Compañía Modelo Argentina,PC300,Exportación,C000118,MAT00028,72588.32,60148.02,ARS,2027-09-26T16:39:00Z
DOC0000001000,2025,4,AR01,Compañía Modelo Argentina,PC100,Consumo Masivo,C000405,MAT00117,7146.17,4405.99,ARS,2027-09-27T16:40:00Z
